time,lat,lon,alt,yaw,pitch,roll,vx,vy,vz,ax,ay,az,yaw_rate,pitch_rate,roll_rate,uncorrect_yaw
2025-12-24 16:53:10.388975,-90.0,26.655102691816587,-6356748.778545179,2.2495021481938835,0.6669075753986566,-0.3276298697387266,-0.0026,0.0034,-0.0006,-0.0321,0.1172,9.778,0.00122,-0.00078,-0.00052,2.2495021481938835
2025-12-24 16:53:10.472564,-90.0,26.655102691816587,-6356748.778545179,2.2495021481938835,0.6669075753986566,-0.3276298697387266,-0.0026,0.0034,-0.0006,0.0753,0.1649,9.7991,0.00035,0.00097,6e-05,2.2495021481938835
2025-12-24 16:53:10.575478,-90.0,26.65514330083822,-6356748.77844518,2.2495713224033,0.6659654374012111,-0.3310193318000073,0.001,-0.0011,0.0005,0.0368,0.0684,9.7489,-0.00091,-0.00159,0.00013,2.2495713224033
2025-12-24 16:53:10.697489,-90.0,26.65514330083822,-6356748.77844518,2.2495713224033,0.6659654374012111,-0.3310193318000073,0.001,-0.0011,0.0005,0.0438,0.1497,9.8132,0.00079,0.00163,0.00061,2.2495713224033
2025-12-24 16:53:10.773952,-90.0,26.65514330083822,-6356748.77844518,2.2495713224033,0.6659654374012111,-0.3310193318000073,0.001,-0.0011,0.0005,0.0492,0.0986,9.8267,0.00085,0.00306,0.00034,2.2495713224033
2025-12-24 16:53:10.877784,-90.0,26.655093578878933,-6356748.778545179,2.249626399025102,0.665197129691366,-0.32759012372244956,-0.0,0.001,0.0006,0.0711,0.1349,9.7447,0.00065,-0.00225,-0.00036,2.249626399025102
2025-12-24 16:53:11.006361,-90.0,26.655093578878933,-6356748.778545179,2.249626399025102,0.665197129691366,-0.32759012372244956,-0.0,0.001,0.0006,0.0142,0.1099,9.8432,0.00012,-0.00439,-0.00105,2.249626399025102
2025-12-24 16:53:11.073705,-90.0,26.655093578878933,-6356748.778545179,2.249626399025102,0.665197129691366,-0.32759012372244956,-0.0,0.001,0.0006,0.0549,0.0916,9.8411,-0.00097,-0.00047,-4e-05,2.249626399025102
2025-12-24 16:53:11.174621,-90.0,26.65512969350708,-6356748.778145179,2.2497664777720825,0.6606872355492245,-0.33498922670496256,-0.0011,0.0009,-0.0003,0.0443,-0.0249,9.7565,0.00109,-0.00168,0.00041,2.2497664777720825
2025-12-24 16:53:11.273329,-90.0,26.65512969350708,-6356748.778145179,2.2497664777720825,0.6606872355492245,-0.33498922670496256,-0.0011,0.0009,-0.0003,0.0317,0.0726,9.8267,0.00136,0.00134,0.00147,2.2497664777720825
2025-12-24 16:53:11.374339,-90.0,26.65511392773991,-6356748.777445179,2.2497322914669615,0.6593831185051776,-0.31629735898062655,0.0005,0.0039,-0.0003,0.0399,0.2258,9.8345,0.00104,-0.00245,-0.00083,2.2497322914669615
2025-12-24 16:53:11.499995,-90.0,26.65511392773991,-6356748.777445179,2.2497322914669615,0.6593831185051776,-0.31629735898062655,0.0005,0.0039,-0.0003,0.0846,0.07,9.7871,-0.00041,-0.00104,-0.0003,2.2497322914669615
2025-12-24 16:53:11.572247,-90.0,26.65511392773991,-6356748.777445179,2.2497322914669615,0.6593831185051776,-0.31629735898062655,0.0005,0.0039,-0.0003,0.0251,0.1267,9.8142,0.0001,-0.00099,-9e-05,2.2497322914669615
2025-12-24 16:53:11.777846,-90.0,26.655113785777427,-6356748.7768451795,2.2498823978579825,0.6593961488218818,-0.3142974132626751,-0.0012,0.0009,-0.0003,0.0614,0.1271,9.8217,-0.00073,0.00087,-0.00048,2.2498823978579825
2025-12-24 16:53:11.888602,-90.0,26.655113785777427,-6356748.7768451795,2.2498823978579825,0.6593961488218818,-0.3142974132626751,-0.0012,0.0009,-0.0003,0.0578,0.0877,9.8013,0.00072,-0.00076,-0.0001,2.2498823978579825
2025-12-24 16:53:11.981164,-90.0,26.655156712895952,-6356748.776645179,2.2498686459462167,0.6495339531535463,-0.30694138625230794,0.0003,0.0012,-0.0004,0.0633,0.1442,9.8208,0.00073,0.00122,-0.00047,2.2498686459462167
2025-12-24 16:53:12.193664,-90.0,26.655145477012123,-6356748.77614518,2.2497895563683077,0.6487936997384885,-0.2944472978916253,0.002,-0.0011,-0.0003,-0.0098,0.1411,9.8188,-0.00079,-0.001,-0.00109,2.2497895563683077
2025-12-24 16:53:12.273177,-90.0,26.655145477012123,-6356748.77614518,2.2497895563683077,0.6487936997384885,-0.2944472978916253,0.002,-0.0011,-0.0003,0.0378,0.0903,9.77,-0.00018,0.00157,9e-05,2.2497895563683077
2025-12-24 16:53:12.374499,-90.0,26.655145477012123,-6356748.77614518,2.2497895563683077,0.6487936997384885,-0.2944472978916253,0.002,-0.0011,-0.0003,0.0296,0.1024,9.8058,0.00157,-0.00016,-0.0004,2.2497895563683077
2025-12-24 16:53:12.471779,-90.0,26.655143336340494,-6356748.77614518,2.249723150572612,0.6321507676844675,-0.29120884092272986,-0.0015,0.0039,0.0006,0.0386,0.1234,9.812,0.00121,0.00027,0.00014,2.249723150572612
2025-12-24 16:53:12.672323,-90.0,26.655143336340494,-6356748.77614518,2.249723150572612,0.6321507676844675,-0.29120884092272986,-0.0015,0.0039,0.0006,0.0712,0.0003,9.7793,0.00063,0.00134,0.0012,2.249723150572612
2025-12-24 16:53:12.781310,-90.0,26.655131976185086,-6356748.775945179,2.2497240148197983,0.6378307329857014,-0.29751166327163875,-0.0024,-0.0012,-0.0012,0.0539,0.0623,9.8293,-0.00102,0.0018,-7e-05,2.2497240148197983
2025-12-24 16:53:12.907151,-90.0,26.655131976185086,-6356748.775945179,2.2497240148197983,0.6378307329857014,-0.29751166327163875,-0.0024,-0.0012,-0.0012,-0.1001,0.1063,9.8084,0.00044,-0.00336,-0.00012,2.2497240148197983
2025-12-24 16:53:12.996116,-90.0,26.65517955754649,-6356748.775945179,2.249613370689645,0.6377435250429695,-0.30044738970770957,0.0041,0.0043,-0.0002,0.0181,0.1411,9.7983,0.00116,-0.00249,-1e-05,2.249613370689645
2025-12-24 16:53:13.172069,-90.0,26.65517955754649,-6356748.775945179,2.249613370689645,0.6377435250429695,-0.30044738970770957,0.0041,0.0043,-0.0002,-0.0536,0.0837,9.7902,0.00011,-0.00106,-0.00092,2.249613370689645
2025-12-24 16:53:13.272739,-90.0,26.655161455811232,-6356748.77614518,2.249639545805172,0.6407513053331512,-0.3011754777338638,-0.0027,0.002,0.0004,0.0069,0.1343,9.833,0.00105,-0.00039,0.00151,2.249639545805172
2025-12-24 16:53:13.372166,-90.0,26.655161455811232,-6356748.77614518,2.249639545805172,0.6407513053331512,-0.3011754777338638,-0.0027,0.002,0.0004,0.009,0.1576,9.7784,0.0006,0.00028,-0.00033,2.249639545805172
2025-12-24 16:53:13.475621,-90.0,26.655161455811232,-6356748.77614518,2.249639545805172,0.6407513053331512,-0.3011754777338638,-0.0027,0.002,0.0004,0.0673,0.1191,9.8269,-0.00122,-5e-05,-1e-05,2.249639545805172
2025-12-24 16:53:13.573081,-90.0,26.655193076135077,-6356748.776045179,2.2496447798805783,0.6418018485072916,-0.2996577998373665,-0.0017,-0.0008,0.0006,0.0154,0.0802,9.8026,0.0007,8e-05,-0.00022,2.2496447798805783
2025-12-24 16:53:13.682367,-90.0,26.655193076135077,-6356748.776045179,2.2496447798805783,0.6418018485072916,-0.2996577998373665,-0.0017,-0.0008,0.0006,-0.0047,0.1813,9.8112,-0.00045,-0.00022,0.00058,2.2496447798805783
2025-12-24 16:53:13.771776,-90.0,26.655193076135077,-6356748.776045179,2.2496447798805783,0.6418018485072916,-0.2996577998373665,-0.0017,-0.0008,0.0006,0.0393,0.1153,9.8161,0.00017,-0.00057,-0.00072,2.2496447798805783
2025-12-24 16:53:13.894400,-90.0,26.65526316496158,-6356748.775845179,2.2496517765117363,0.6383822292797623,-0.29011756509567604,0.003,0.0016,-0.0004,0.0586,0.0977,9.8012,1e-05,-0.00017,0.00037,2.2496517765117363
2025-12-24 16:53:13.972783,-90.0,26.65526316496158,-6356748.775845179,2.2496517765117363,0.6383822292797623,-0.29011756509567604,0.003,0.0016,-0.0004,0.0307,0.1512,9.8279,0.00029,-0.00128,-0.00043,2.2496517765117363
2025-12-24 16:53:14.072846,-90.0,26.655256370125333,-6356748.775845179,2.249694482543032,0.6367082252703771,-0.28876880011585276,-0.0017,0.0036,-0.0003,0.0015,0.079,9.7952,0.00058,-0.00049,-7e-05,2.249694482543032
2025-12-24 16:53:14.173835,-90.0,26.655256370125333,-6356748.775845179,2.249694482543032,0.6367082252703771,-0.28876880011585276,-0.0017,0.0036,-0.0003,0.0342,0.1561,9.8005,0.00083,0.00107,-0.00022,2.249694482543032
2025-12-24 16:53:14.272099,-90.0,26.655256370125333,-6356748.775845179,2.249694482543032,0.6367082252703771,-0.28876880011585276,-0.0017,0.0036,-0.0003,0.0284,0.0835,9.8256,0.00048,-0.00084,-0.00036,2.249694482543032
2025-12-24 16:53:14.373028,-90.0,26.65526764152718,-6356748.776345179,2.249694098597992,0.6329556478898829,-0.28649826513152393,-0.0013,0.002,-0.0001,0.0497,0.108,9.7703,0.00098,0.00357,0.00034,2.249694098597992
2025-12-24 16:53:14.472735,-90.0,26.65526764152718,-6356748.776345179,2.249694098597992,0.6329556478898829,-0.28649826513152393,-0.0013,0.002,-0.0001,0.066,0.0591,9.8149,-0.00025,-0.00211,-0.00075,2.249694098597992
2025-12-24 16:53:14.573150,-90.0,26.65526764152718,-6356748.776345179,2.249694098597992,0.6329556478898829,-0.28649826513152393,-0.0013,0.002,-0.0001,-0.0136,0.0861,9.7994,-0.00059,-0.00146,7e-05,2.249694098597992
2025-12-24 16:53:14.673539,-90.0,26.655303738435602,-6356748.776345179,2.249673471691489,0.6342678571315116,-0.2762124583958321,0.0009,0.0025,0.0003,0.0261,0.1247,9.842,0.00057,-0.00326,-0.0008,2.249673471691489
2025-12-24 16:53:14.794995,-90.0,26.655303738435602,-6356748.776345179,2.249673471691489,0.6342678571315116,-0.2762124583958321,0.0009,0.0025,0.0003,0.0071,0.1454,9.8214,0.00086,-0.00115,0.00024,2.249673471691489
2025-12-24 16:53:14.871651,-90.0,26.65528344281681,-6356748.776345179,2.249644487653498,0.6301009912370542,-0.27438680335452437,-0.0013,0.0028,-0.0006,0.0273,0.1235,9.8116,0.0001,-0.00062,-0.0006,2.249644487653498
2025-12-24 16:53:14.973257,-90.0,26.65528344281681,-6356748.776345179,2.249644487653498,0.6301009912370542,-0.27438680335452437,-0.0013,0.0028,-0.0006,0.0287,0.1207,9.8192,-0.00014,0.0016,0.00046,2.249644487653498
2025-12-24 16:53:15.072083,-90.0,26.65528344281681,-6356748.776345179,2.249644487653498,0.6301009912370542,-0.27438680335452437,-0.0013,0.0028,-0.0006,0.0399,0.1299,9.8082,4e-05,-0.00051,-0.00015,2.249644487653498
2025-12-24 16:53:15.172318,-90.0,26.65529699693917,-6356748.77674518,2.249564530538443,0.6276939661262558,-0.2719611659024413,-0.001,0.003,0.0001,0.0311,0.1236,9.7981,-0.00016,-0.00062,-3e-05,2.249564530538443
2025-12-24 16:53:15.271552,-90.0,26.65529699693917,-6356748.77674518,2.249564530538443,0.6276939661262558,-0.2719611659024413,-0.001,0.003,0.0001,0.0261,0.1228,9.8182,0.00052,-0.00149,-0.00061,2.249564530538443
2025-12-24 16:53:15.372736,-90.0,26.655297032502077,-6356748.7768451795,2.2495553681403937,0.6251019809885098,-0.27078496807270985,0.0004,0.0033,0.0001,0.0228,0.1197,9.811,-0.00036,0.00011,0.00019,2.2495553681403937
2025-12-24 16:53:15.473275,-90.0,26.655297032502077,-6356748.7768451795,2.2495553681403937,0.6251019809885098,-0.27078496807270985,0.0004,0.0033,0.0001,0.0268,0.1215,9.7974,0.00018,0.0003,0.00036,2.2495553681403937
2025-12-24 16:53:15.573758,-90.0,26.655297032502077,-6356748.7768451795,2.2495553681403937,0.6251019809885098,-0.27078496807270985,0.0004,0.0033,0.0001,0.034,0.1298,9.815,-3e-05,0.00019,-0.0002,2.2495553681403937
2025-12-24 16:53:15.672415,-90.0,26.655297032502077,-6356748.7768451795,2.2495553681403937,0.6251019809885098,-0.27078496807270985,0.0004,0.0033,0.0001,0.0448,0.1185,9.7974,0.0007,0.00088,-0.00066,2.2495553681403937
2025-12-24 16:53:15.771717,-90.0,26.655294785334657,-6356748.776945179,2.2495137659392075,0.6209496726217183,-0.2681869715280206,-0.0019,0.0025,-0.0,0.0143,0.1186,9.8139,0.00043,4e-05,4e-05,2.2495137659392075
2025-12-24 16:53:15.874047,-90.0,26.655294785334657,-6356748.776945179,2.2495137659392075,0.6209496726217183,-0.2681869715280206,-0.0019,0.0025,-0.0,0.0074,0.1137,9.8046,0.00017,-0.0007,0.00027,2.2495137659392075
2025-12-24 16:53:15.975276,-90.0,26.65529483867774,-6356748.77674518,2.249400089701244,0.6203090504159264,-0.26757649667675887,-0.0002,0.0036,-0.0002,0.0397,0.1184,9.8019,-0.00014,0.00109,-0.00012,2.249400089701244
2025-12-24 16:53:16.077418,-90.0,26.65529483867774,-6356748.77674518,2.249400089701244,0.6203090504159264,-0.26757649667675887,-0.0002,0.0036,-0.0002,0.0525,0.1324,9.8073,0.00038,0.00031,-0.00018,2.249400089701244
2025-12-24 16:53:16.179205,-90.0,26.65529483867774,-6356748.77674518,2.249400089701244,0.6203090504159264,-0.26757649667675887,-0.0002,0.0036,-0.0002,0.0178,0.111,9.8085,0.00012,-0.00069,-7e-05,2.249400089701244
2025-12-24 16:53:16.281570,-90.0,26.655265518783963,-6356748.77674518,2.249380361151079,0.6206800759575782,-0.2670129607840958,-0.002,0.0025,0.0001,0.0281,0.1236,9.8081,-0.00057,0.0006,-9e-05,2.249380361151079
2025-12-24 16:53:16.372286,-90.0,26.655265518783963,-6356748.77674518,2.249380361151079,0.6206800759575782,-0.2670129607840958,-0.002,0.0025,0.0001,0.0387,0.1128,9.8088,0.00119,-0.00162,4e-05,2.249380361151079
2025-12-24 16:53:16.472643,-90.0,26.655263271610426,-6356748.77674518,2.249384801174979,0.6197041313537911,-0.2670997260236277,-0.0009,0.003,0.0,0.0224,0.1238,9.8141,0.00063,-0.0005,7e-05,2.249384801174979
2025-12-24 16:53:16.574152,-90.0,26.655263271610426,-6356748.77674518,2.249384801174979,0.6197041313537911,-0.2670997260236277,-0.0009,0.003,0.0,0.0299,0.1259,9.8193,0.0002,-0.00049,-0.00054,2.249384801174979
2025-12-24 16:53:16.673001,-90.0,26.655263271610426,-6356748.77674518,2.249384801174979,0.6197041313537911,-0.2670997260236277,-0.0009,0.003,0.0,0.0286,0.1307,9.8082,0.00016,0.00039,-6e-05,2.249384801174979
2025-12-24 16:53:16.773517,-90.0,26.655249717469324,-6356748.776445179,2.2493892396874227,0.621672151880743,-0.26590550730210993,-0.0009,0.0027,-0.0002,0.0326,0.1214,9.8019,0.00038,-0.00145,9e-05,2.2493892396874227
2025-12-24 16:53:16.872160,-90.0,26.655249717469324,-6356748.776445179,2.2493892396874227,0.621672151880743,-0.26590550730210993,-0.0009,0.0027,-0.0002,0.0253,0.1259,9.8069,4e-05,-0.0007,-0.00043,2.2493892396874227
2025-12-24 16:53:16.973384,-90.0,26.655249717469324,-6356748.776445179,2.2493892396874227,0.621672151880743,-0.26590550730210993,-0.0009,0.0027,-0.0002,0.0329,0.1218,9.808,-0.00021,0.00035,-0.00043,2.2493892396874227
2025-12-24 16:53:17.071970,-90.0,26.65522940402982,-6356748.776545179,2.249355416398082,0.6264009276362663,-0.2654141964224235,-0.0006,0.0031,-0.0002,0.0266,0.1225,9.8062,0.0005,-0.00072,-0.00029,2.249355416398082
2025-12-24 16:53:17.174075,-90.0,26.65522940402982,-6356748.776545179,2.249355416398082,0.6264009276362663,-0.2654141964224235,-0.0006,0.0031,-0.0002,0.0281,0.1239,9.8068,0.00035,-0.00055,0.00012,2.249355416398082
2025-12-24 16:53:17.276168,-90.0,26.65522940402982,-6356748.776545179,2.249355416398082,0.6264009276362663,-0.2654141964224235,-0.0006,0.0031,-0.0002,0.0321,0.1307,9.8084,8e-05,-0.00094,-0.00041,2.249355416398082
2025-12-24 16:53:17.373951,-90.0,26.65521811483628,-6356748.7768451795,2.2493316352482715,0.627779366999582,-0.26881363802918945,-0.0004,0.0027,0.0002,0.0371,0.1214,9.8068,0.00054,-0.00131,-0.00062,2.2493316352482715
2025-12-24 16:53:17.472469,-90.0,26.65521811483628,-6356748.7768451795,2.2493316352482715,0.627779366999582,-0.26881363802918945,-0.0004,0.0027,0.0002,0.0213,0.1281,9.805,-0.00025,0.00063,7e-05,2.2493316352482715
2025-12-24 16:53:17.572551,-90.0,26.65522927965291,-6356748.776545179,2.2494443199595153,0.6275666935035041,-0.2684355841445949,-0.0011,0.0028,-0.0005,0.0277,0.1261,9.8073,0.00016,-0.00042,-8e-05,2.2494443199595153
2025-12-24 16:53:17.671744,-90.0,26.65522927965291,-6356748.776545179,2.2494443199595153,0.6275666935035041,-0.2684355841445949,-0.0011,0.0028,-0.0005,0.0339,0.1226,9.8144,1e-05,-0.0002,0.00024,2.2494443199595153
2025-12-24 16:53:17.773530,-90.0,26.65522927965291,-6356748.776545179,2.2494443199595153,0.6275666935035041,-0.2684355841445949,-0.0011,0.0028,-0.0005,0.0212,0.1212,9.815,-0.00021,0.00061,0.0004,2.2494443199595153
2025-12-24 16:53:17.872575,-90.0,26.65524281600401,-6356748.776645179,2.2494651655960354,0.6301433171371703,-0.27038377658290363,-0.0012,0.0028,-0.0005,0.0283,0.1196,9.8036,0.0001,0.00016,2e-05,2.2494651655960354
2025-12-24 16:53:17.972567,-90.0,26.65524281600401,-6356748.776645179,2.2494651655960354,0.6301433171371703,-0.27038377658290363,-0.0012,0.0028,-0.0005,0.0189,0.1196,9.8107,-0.00031,0.00046,-0.00028,2.2494651655960354
2025-12-24 16:53:18.075520,-90.0,26.65524281600401,-6356748.776645179,2.2494651655960354,0.6301433171371703,-0.27038377658290363,-0.0012,0.0028,-0.0005,0.0305,0.1258,9.808,0.00059,-0.00029,-2e-05,2.2494651655960354
2025-12-24 16:53:18.172551,-90.0,26.655236056713573,-6356748.777045179,2.249496015180945,0.6309932910295767,-0.2743041092183438,-0.0009,0.0028,-0.0,0.0207,0.1278,9.8098,6e-05,0.00036,-0.0001,2.249496015180945
2025-12-24 16:53:18.273156,-90.0,26.655236056713573,-6356748.777045179,2.249496015180945,0.6309932910295767,-0.2743041092183438,-0.0009,0.0028,-0.0,0.0214,0.124,9.8079,0.00023,-0.00017,-0.00013,2.249496015180945
2025-12-24 16:53:18.372588,-90.0,26.65527208253584,-6356748.77734518,2.2496534899622684,0.6274027043862304,-0.27618713334882067,-0.0005,0.0026,-0.0001,0.0265,0.1207,9.8065,0.00095,-0.00195,-0.00045,2.2496534899622684
2025-12-24 16:53:18.475074,-90.0,26.65527208253584,-6356748.77734518,2.2496534899622684,0.6274027043862304,-0.27618713334882067,-0.0005,0.0026,-0.0001,0.0305,0.1231,9.8089,2e-05,-0.00045,-9e-05,2.2496534899622684
2025-12-24 16:53:18.573604,-90.0,26.65527208253584,-6356748.77734518,2.2496534899622684,0.6274027043862304,-0.27618713334882067,-0.0005,0.0026,-0.0001,0.0269,0.1196,9.8082,-4e-05,-0.00044,-0.00028,2.2496534899622684
2025-12-24 16:53:18.671813,-90.0,26.65527208253584,-6356748.77734518,2.2496534899622684,0.6274027043862304,-0.27618713334882067,-0.0005,0.0026,-0.0001,0.0294,0.1178,9.8093,-0.00034,-2e-05,0.00011,2.2496534899622684
2025-12-24 16:53:18.802886,-90.0,26.655272029206312,-6356748.778045179,2.24976020405475,0.6264614620452854,-0.27933075675243374,-0.0011,0.0026,0.0001,0.0232,0.1264,9.8101,0.00024,-0.00059,-0.00014,2.24976020405475
2025-12-24 16:53:18.872709,-90.0,26.655272029206312,-6356748.778045179,2.24976020405475,0.6264614620452854,-0.27933075675243374,-0.0011,0.0026,0.0001,0.0331,0.1212,9.8031,0.00035,0.0002,-0.00029,2.24976020405475
2025-12-24 16:53:18.972278,-90.0,26.65528108897897,-6356748.77834518,2.2497718332050898,0.6241310510758771,-0.28057432904424673,-0.0002,0.0029,-0.0003,0.0197,0.1278,9.8046,0.00047,-0.00114,-0.00049,2.2497718332050898
2025-12-24 16:53:19.071280,-90.0,26.65528108897897,-6356748.77834518,2.2497718332050898,0.6241310510758771,-0.28057432904424673,-0.0002,0.0029,-0.0003,0.0348,0.1181,9.8069,0.00047,-0.00142,-0.00043,2.2497718332050898
2025-12-24 16:53:19.172784,-90.0,26.65528108897897,-6356748.77834518,2.2497718332050898,0.6241310510758771,-0.28057432904424673,-0.0002,0.0029,-0.0003,0.0328,0.1228,9.8086,0.00028,0.0011,0.00044,2.2497718332050898
2025-12-24 16:53:19.271645,-90.0,26.655296819125073,-6356748.779145179,2.2498731190902124,0.6261532535748527,-0.28141123957659386,-0.0003,0.0028,0.0003,0.0304,0.1309,9.8049,-1e-05,-0.00033,-0.00035,2.2498731190902124
2025-12-24 16:53:19.397317,-90.0,26.655296819125073,-6356748.779145179,2.2498731190902124,0.6261532535748527,-0.28141123957659386,-0.0003,0.0028,0.0003,0.0269,0.1261,9.7998,0.0001,0.00089,-0.00013,2.2498731190902124
2025-12-24 16:53:19.486079,-90.0,26.655296801343695,-6356748.779245179,2.249908866902113,0.6264627529494691,-0.28101790144808353,-0.0003,0.0028,-0.0001,0.0269,0.1253,9.8105,-0.00051,0.00066,-0.00012,2.249908866902113
2025-12-24 16:53:19.572922,-90.0,26.655296801343695,-6356748.779245179,2.249908866902113,0.6264627529494691,-0.28101790144808353,-0.0003,0.0028,-0.0001,0.0205,0.1214,9.8057,0.00033,-0.00038,-0.00049,2.249908866902113
2025-12-24 16:53:19.675389,-90.0,26.655296801343695,-6356748.779245179,2.249908866902113,0.6264627529494691,-0.28101790144808353,-0.0003,0.0028,-0.0001,0.0306,0.1223,9.8108,0.0006,-0.00082,0.00069,2.249908866902113
2025-12-24 16:53:19.772359,-90.0,26.655281035644133,-6356748.779345179,2.2498953694178043,0.6257052722775545,-0.2804876315275787,-0.0011,0.003,0.0001,0.029,0.117,9.8041,-0.00026,-0.00049,0.00018,2.2498953694178043
2025-12-24 16:53:19.874480,-90.0,26.655281035644133,-6356748.779345179,2.2498953694178043,0.6257052722775545,-0.2804876315275787,-0.0011,0.003,0.0001,0.031,0.1164,9.8086,-0.00063,0.0003,-2e-05,2.2498953694178043
2025-12-24 16:53:19.971588,-90.0,26.655290077637076,-6356748.779645179,2.249871285517658,0.6278120039152488,-0.2803636843441428,-0.0007,0.0024,-0.0003,0.0297,0.1234,9.8065,0.00035,-0.0004,-0.00036,2.249871285517658
2025-12-24 16:53:20.071837,-90.0,26.655290077637076,-6356748.779645179,2.249871285517658,0.6278120039152488,-0.2803636843441428,-0.0007,0.0024,-0.0003,0.0268,0.1194,9.808,0.00034,-0.00013,-0.00038,2.249871285517658
2025-12-24 16:53:20.175399,-90.0,26.655290077637076,-6356748.779645179,2.249871285517658,0.6278120039152488,-0.2803636843441428,-0.0007,0.0024,-0.0003,0.0229,0.1217,9.8176,0.00032,0.00102,6e-05,2.249871285517658
2025-12-24 16:53:20.275119,-90.0,26.65527882403527,-6356748.77944518,2.2498266281277717,0.6284791478793454,-0.2806690484643833,-0.0009,0.0021,-0.0004,0.0294,0.1139,9.8095,-0.00024,-0.00048,-7e-05,2.2498266281277717
2025-12-24 16:53:20.379060,-90.0,26.65527882403527,-6356748.77944518,2.2498266281277717,0.6284791478793454,-0.2806690484643833,-0.0009,0.0021,-0.0004,0.0296,0.1239,9.8163,7e-05,-0.00023,-0.00037,2.2498266281277717
2025-12-24 16:53:20.481207,-90.0,26.65527882403527,-6356748.77944518,2.2498266281277717,0.6284791478793454,-0.2806690484643833,-0.0009,0.0021,-0.0004,0.0255,0.1223,9.8066,-0.00048,0.00053,4e-05,2.2498266281277717
2025-12-24 16:53:20.582448,-90.0,26.65524946865983,-6356748.779345179,2.2497729872276766,0.630343367642078,-0.28001893529971317,-0.0012,0.0019,-0.0005,0.0326,0.1216,9.8067,-0.00038,-0.00022,-0.00044,2.2497729872276766
2025-12-24 16:53:20.672293,-90.0,26.65524946865983,-6356748.779345179,2.2497729872276766,0.630343367642078,-0.28001893529971317,-0.0012,0.0019,-0.0005,0.0349,0.1349,9.8024,-0.00029,0.00018,3e-05,2.2497729872276766
2025-12-24 16:53:20.788672,-90.0,26.65524946865983,-6356748.779345179,2.2497729872276766,0.630343367642078,-0.28001893529971317,-0.0012,0.0019,-0.0005,0.0256,0.1286,9.8046,9e-05,-9e-05,-0.00034,2.2497729872276766
2025-12-24 16:53:20.872064,-90.0,26.655233738463345,-6356748.778845179,2.2496717989128707,0.6318673507548039,-0.2786296113365594,-0.0012,0.0026,-0.0007,0.0229,0.1117,9.8101,-0.0001,-5e-05,0.00011,2.2496717989128707
2025-12-24 16:53:20.975579,-90.0,26.655233738463345,-6356748.778845179,2.2496717989128707,0.6318673507548039,-0.2786296113365594,-0.0012,0.0026,-0.0007,0.0425,0.1352,9.802,-0.00052,0.00025,-0.00027,2.2496717989128707
2025-12-24 16:53:21.102095,-90.0,26.655249557520204,-6356748.778645179,2.2496629484226003,0.6332978677479044,-0.2789596463957699,-0.0006,0.0027,-0.0005,0.0352,0.1259,9.8174,0.00027,-0.00017,-0.00029,2.2496629484226003
2025-12-24 16:53:21.173854,-90.0,26.655249557520204,-6356748.778645179,2.2496629484226003,0.6332978677479044,-0.2789596463957699,-0.0006,0.0027,-0.0005,0.0111,0.1163,9.8095,5e-05,0.0002,0.00026,2.2496629484226003
2025-12-24 16:53:21.272354,-90.0,26.655249557520204,-6356748.778645179,2.2496629484226003,0.6332978677479044,-0.2789596463957699,-0.0006,0.0027,-0.0005,0.0224,0.1285,9.81,0.00074,-0.00026,-0.00064,2.2496629484226003
2025-12-24 16:53:21.372173,-90.0,26.655236021174705,-6356748.778745179,2.2496516396317277,0.6347422228789559,-0.28144198641794754,0.0011,0.0026,-0.0001,0.0346,0.1111,9.8092,-0.00015,-0.00017,-6e-05,2.2496516396317277
2025-12-24 16:53:21.474406,-90.0,26.655236021174705,-6356748.778745179,2.2496516396317277,0.6347422228789559,-0.28144198641794754,0.0011,0.0026,-0.0001,0.0321,0.1255,9.8089,-0.0,8e-05,-0.00032,2.2496516396317277
2025-12-24 16:53:21.574188,-90.0,26.655236021174705,-6356748.778745179,2.2496516396317277,0.6347422228789559,-0.28144198641794754,0.0011,0.0026,-0.0001,0.0152,0.1245,9.8067,8e-05,-0.0001,5e-05,2.2496516396317277
2025-12-24 16:53:21.672040,-90.0,26.655242762691724,-6356748.7790451795,2.2495916759409904,0.6320179003687189,-0.28234860090250613,-0.0013,0.0016,-0.0003,0.0294,0.1212,9.8134,-0.00042,-0.00026,9e-05,2.2495916759409904
2025-12-24 16:53:21.775271,-90.0,26.655242762691724,-6356748.7790451795,2.2495916759409904,0.6320179003687189,-0.28234860090250613,-0.0013,0.0016,-0.0003,0.0227,0.1256,9.8082,2e-05,-0.00155,-0.00071,2.2495916759409904
2025-12-24 16:53:21.872906,-90.0,26.65524053329023,-6356748.779145179,2.2495453362447044,0.6328692796291971,-0.2838352475405675,-0.0016,0.0021,0.0,0.0287,0.1352,9.8122,-0.00021,-0.0008,-0.0001,2.2495453362447044
2025-12-24 16:53:21.979456,-90.0,26.65524053329023,-6356748.779145179,2.2495453362447044,0.6328692796291971,-0.2838352475405675,-0.0016,0.0021,0.0,0.0238,0.1271,9.8041,-0.00023,0.0003,0.00034,2.2495453362447044
2025-12-24 16:53:22.071990,-90.0,26.65524053329023,-6356748.779145179,2.2495453362447044,0.6328692796291971,-0.2838352475405675,-0.0016,0.0021,0.0,0.0322,0.1215,9.8114,0.00044,0.00026,0.00034,2.2495453362447044
2025-12-24 16:53:22.191122,-90.0,26.655231544595924,-6356748.7790451795,2.2494474707728767,0.6320697304357172,-0.28050962201991914,-0.0005,0.0028,0.0001,0.0302,0.1249,9.8087,8e-05,-0.0007,-0.00026,2.2494474707728767
2025-12-24 16:53:22.271576,-90.0,26.655231544595924,-6356748.7790451795,2.2494474707728767,0.6320697304357172,-0.28050962201991914,-0.0005,0.0028,0.0001,0.0175,0.1185,9.8076,0.00042,0.0,-6e-05,2.2494474707728767
2025-12-24 16:53:22.372628,-90.0,26.655231544595924,-6356748.7790451795,2.2494474707728767,0.6320697304357172,-0.28050962201991914,-0.0005,0.0028,0.0001,0.0277,0.1135,9.8082,4e-05,-0.00014,-0.00023,2.2494474707728767
2025-12-24 16:53:22.474974,-90.0,26.655229332957255,-6356748.778845179,2.2493858587992515,0.6340692527322125,-0.28093503136743464,-0.0004,0.0028,0.0,0.0326,0.1234,9.8007,-0.00057,0.0004,-0.00027,2.2493858587992515
2025-12-24 16:53:22.572889,-90.0,26.655229332957255,-6356748.778845179,2.2493858587992515,0.6340692527322125,-0.28093503136743464,-0.0004,0.0028,0.0,0.0255,0.1162,9.8087,0.00011,0.00038,-0.00039,2.2493858587992515
2025-12-24 16:53:22.671852,-90.0,26.655229332957255,-6356748.778845179,2.2493858587992515,0.6340692527322125,-0.28093503136743464,-0.0004,0.0028,0.0,0.0259,0.1198,9.8065,-0.0003,5e-05,-0.00039,2.2493858587992515
2025-12-24 16:53:22.773600,-90.0,26.65520903729466,-6356748.779245179,2.2493548731481994,0.630657949894781,-0.2857346654746661,-0.0004,0.0023,-0.0002,0.0364,0.1226,9.8058,-0.00025,-0.00028,3e-05,2.2493548731481994
2025-12-24 16:53:22.872762,-90.0,26.65520903729466,-6356748.779245179,2.2493548731481994,0.630657949894781,-0.2857346654746661,-0.0004,0.0023,-0.0002,0.0296,0.1267,9.816,0.00032,-0.00031,-0.0002,2.2493548731481994
2025-12-24 16:53:22.974411,-90.0,26.655161651113627,-6356748.778145179,2.249359813253869,0.6277845746739833,-0.2829178078056139,-0.0005,0.0024,-0.0003,0.023,0.129,9.8093,9e-05,0.00154,0.00017,2.249359813253869
2025-12-24 16:53:23.072896,-90.0,26.655161651113627,-6356748.778145179,2.249359813253869,0.6277845746739833,-0.2829178078056139,-0.0005,0.0024,-0.0003,0.0277,0.1242,9.811,0.00074,-0.00069,-0.00035,2.249359813253869
2025-12-24 16:53:23.172554,-90.0,26.655161651113627,-6356748.778145179,2.249359813253869,0.6277845746739833,-0.2829178078056139,-0.0005,0.0024,-0.0003,0.0323,0.1206,9.8056,-0.00045,0.0002,-0.00077,2.249359813253869
2025-12-24 16:53:23.293457,-90.0,26.655143602608433,-6356748.778045179,2.2493903064911835,0.6251872649613246,-0.284675985615495,0.0001,0.0032,-0.0002,0.0235,0.1238,9.8118,0.00012,-0.00037,-0.00025,2.2493903064911835
2025-12-24 16:53:23.371906,-90.0,26.655143602608433,-6356748.778045179,2.2493903064911835,0.6251872649613246,-0.284675985615495,0.0001,0.0032,-0.0002,0.0385,0.118,9.8012,0.0002,-0.00043,-0.00014,2.2493903064911835
2025-12-24 16:53:23.472670,-90.0,26.655143602608433,-6356748.778045179,2.2493903064911835,0.6251872649613246,-0.284675985615495,0.0001,0.0032,-0.0002,0.0358,0.1199,9.8138,0.0005,-0.00015,-0.00027,2.2493903064911835
2025-12-24 16:53:23.571503,-90.0,26.655139125981982,-6356748.77834518,2.249392373540591,0.6269985536728025,-0.28660499316587135,0.0004,0.0028,-0.0002,0.0257,0.1195,9.7999,0.00015,0.00077,-0.00034,2.249392373540591
2025-12-24 16:53:23.672745,-90.0,26.655139125981982,-6356748.77834518,2.249392373540591,0.6269985536728025,-0.28660499316587135,0.0004,0.0028,-0.0002,0.0359,0.1264,9.8146,0.00053,-0.00058,-0.00044,2.249392373540591
2025-12-24 16:53:23.772716,-90.0,26.655105187413056,-6356748.77784518,2.2494881204439814,0.62599572920482,-0.28748883790913954,0.0004,0.0027,-0.0003,0.0283,0.1236,9.8139,0.00066,-0.00095,-0.00029,2.2494881204439814
2025-12-24 16:53:23.872563,-90.0,26.655105187413056,-6356748.77784518,2.2494881204439814,0.62599572920482,-0.28748883790913954,0.0004,0.0027,-0.0003,0.0186,0.1206,9.8071,0.00035,-0.00077,0.00015,2.2494881204439814
2025-12-24 16:53:23.973226,-90.0,26.655105187413056,-6356748.77784518,2.2494881204439814,0.62599572920482,-0.28748883790913954,0.0004,0.0027,-0.0003,0.0311,0.1128,9.8113,3e-05,0.00069,-0.00027,2.2494881204439814
2025-12-24 16:53:24.072931,-90.0,26.65508706794204,-6356748.77784518,2.249594962345883,0.627458708302478,-0.29087996760941026,0.0001,0.0023,-0.0004,0.0235,0.1345,9.8017,0.00077,-0.00126,-0.00055,2.249594962345883
2025-12-24 16:53:24.172012,-90.0,26.65508706794204,-6356748.77784518,2.249594962345883,0.627458708302478,-0.29087996760941026,0.0001,0.0023,-0.0004,0.0435,0.1264,9.813,-7e-05,0.00037,-0.00013,2.249594962345883
2025-12-24 16:53:24.271540,-90.0,26.65508706794204,-6356748.77784518,2.249594962345883,0.627458708302478,-0.29087996760941026,0.0001,0.0023,-0.0004,0.0218,0.1233,9.8153,0.0007,-0.0006,0.00012,2.249594962345883
2025-12-24 16:53:24.373762,-90.0,26.655096092190945,-6356748.778145179,2.2496309255494946,0.6364062404514716,-0.29766156258118853,0.0,0.0012,-0.0002,0.0254,0.1144,9.8151,0.00038,-0.0016,-0.00027,2.2496309255494946
2025-12-24 16:53:24.475812,-90.0,26.655096092190945,-6356748.778145179,2.2496309255494946,0.6364062404514716,-0.29766156258118853,0.0,0.0012,-0.0002,0.0382,0.1273,9.8109,-8e-05,-0.00014,-0.0001,2.2496309255494946
2025-12-24 16:53:24.576672,-90.0,26.655086926021532,-6356748.776945179,2.2497543805266265,0.6370131618901255,-0.2971483209875597,-0.0002,0.0016,-0.0001,0.0308,0.1312,9.8033,0.00069,-0.00122,-0.00046,2.2497543805266265
2025-12-24 16:53:24.679853,-90.0,26.655086926021532,-6356748.776945179,2.2497543805266265,0.6370131618901255,-0.2971483209875597,-0.0002,0.0016,-0.0001,0.0158,0.1244,9.8009,0.00054,-5e-05,-0.00018,2.2497543805266265
2025-12-24 16:53:24.780116,-90.0,26.655086926021532,-6356748.776945179,2.2497543805266265,0.6370131618901255,-0.2971483209875597,-0.0002,0.0016,-0.0001,0.0255,0.1224,9.8124,0.00047,-0.0019,-0.00039,2.2497543805266265
2025-12-24 16:53:24.871487,-90.0,26.65509814421681,-6356748.77624518,2.249754405222522,0.6446051381415796,-0.29390007056023265,0.0008,0.0013,-0.0002,0.0323,0.1242,9.8105,-0.00027,0.00035,-0.00053,2.249754405222522
2025-12-24 16:53:24.973949,-90.0,26.65509814421681,-6356748.77624518,2.249754405222522,0.6446051381415796,-0.29390007056023265,0.0008,0.0013,-0.0002,0.0223,0.1139,9.818,0.00028,-0.00056,-0.00032,2.249754405222522
2025-12-24 16:53:25.072214,-90.0,26.65509814421681,-6356748.77624518,2.249754405222522,0.6446051381415796,-0.29390007056023265,0.0008,0.0013,-0.0002,0.0291,0.1226,9.806,0.00022,0.00017,3e-05,2.249754405222522
2025-12-24 16:53:25.175536,-90.0,26.6551071684435,-6356748.77624518,2.2497095718499915,0.6465449968195729,-0.29181848728952087,-0.0003,0.0015,-0.0003,0.0265,0.1242,9.8075,0.00036,-0.0001,-0.00012,2.2497095718499915
2025-12-24 16:53:25.282366,-90.0,26.6551071684435,-6356748.77624518,2.2497095718499915,0.6465449968195729,-0.29181848728952087,-0.0003,0.0015,-0.0003,0.0345,0.1141,9.8074,0.0001,0.00044,-0.00011,2.2497095718499915
2025-12-24 16:53:25.373033,-90.0,26.655127339838472,-6356748.775445179,2.2498273153319808,0.6459662811174739,-0.2888223224952994,-0.0004,0.0009,-0.0,0.0171,0.1336,9.8066,-0.00046,-0.00013,2e-05,2.2498273153319808
2025-12-24 16:53:25.473397,-90.0,26.655127339838472,-6356748.775445179,2.2498273153319808,0.6459662811174739,-0.2888223224952994,-0.0004,0.0009,-0.0,0.0241,0.1143,9.8074,6e-05,-9e-05,-0.00054,2.2498273153319808
2025-12-24 16:53:25.573625,-90.0,26.655127339838472,-6356748.775445179,2.2498273153319808,0.6459662811174739,-0.2888223224952994,-0.0004,0.0009,-0.0,0.0419,0.1262,9.8028,-1e-05,0.00079,-2e-05,2.2498273153319808
2025-12-24 16:53:25.673110,-90.0,26.6551408406498,-6356748.774945179,2.2498936427906964,0.6448508019646779,-0.2905155822399815,-0.0005,0.0013,-0.0006,0.0271,0.121,9.8123,0.00072,-0.00068,-0.00026,2.2498936427906964
2025-12-24 16:53:25.773548,-90.0,26.6551408406498,-6356748.774945179,2.2498936427906964,0.6448508019646779,-0.2905155822399815,-0.0005,0.0013,-0.0006,0.0167,0.1306,9.8052,0.00012,0.00018,0.00037,2.2498936427906964
2025-12-24 16:53:25.873265,-90.0,26.6551408406498,-6356748.774945179,2.2498936427906964,0.6448508019646779,-0.2905155822399815,-0.0005,0.0013,-0.0006,0.0293,0.1247,9.8147,0.00045,0.00045,-8e-05,2.2498936427906964
2025-12-24 16:53:25.985190,-90.0,26.655165666082446,-6356748.775045179,2.249926596828372,0.6455972244408968,-0.2886431730002776,0.0004,0.0013,-0.0003,0.0283,0.1248,9.8067,0.00014,-0.00034,-0.00021,2.249926596828372
2025-12-24 16:53:26.071784,-90.0,26.655165666082446,-6356748.775045179,2.249926596828372,0.6455972244408968,-0.2886431730002776,0.0004,0.0013,-0.0003,0.025,0.1297,9.8079,0.00038,-0.00041,0.00015,2.249926596828372
2025-12-24 16:53:26.171588,-90.0,26.655129516023063,-6356748.774345179,2.2500061333053125,0.650045407682288,-0.28577569907446226,-0.001,0.0017,-0.0,0.0256,0.1253,9.8052,-0.00054,-0.00032,-0.00015,2.2500061333053125
2025-12-24 16:53:26.271698,-90.0,26.655129516023063,-6356748.774345179,2.2500061333053125,0.650045407682288,-0.28577569907446226,-0.001,0.0017,-0.0,0.0283,0.1248,9.8091,-0.00028,0.0,-3e-05,2.2500061333053125
2025-12-24 16:53:26.373905,-90.0,26.655129516023063,-6356748.774345179,2.2500061333053125,0.650045407682288,-0.28577569907446226,-0.001,0.0017,-0.0,0.0309,0.1183,9.8113,-0.0002,0.00057,-0.00015,2.2500061333053125
2025-12-24 16:53:26.472547,-90.0,26.655140751896862,-6356748.774245179,2.2500621678427852,0.6476103467192379,-0.2839050370003886,-0.0014,0.0012,0.0,0.0264,0.1222,9.8144,0.00089,-0.00131,-0.0001,2.2500621678427852
2025-12-24 16:53:26.572401,-90.0,26.655140751896862,-6356748.774245179,2.2500621678427852,0.6476103467192379,-0.2839050370003886,-0.0014,0.0012,0.0,0.0259,0.118,9.8048,-0.00022,-7e-05,-0.00011,2.2500621678427852
2025-12-24 16:53:26.675153,-90.0,26.655140751896862,-6356748.774245179,2.2500621678427852,0.6476103467192379,-0.2839050370003886,-0.0014,0.0012,0.0,0.0312,0.1282,9.8143,-5e-05,-3e-05,0.00047,2.2500621678427852
2025-12-24 16:53:26.775180,-90.0,26.655158818037858,-6356748.77454518,2.2500928501694144,0.6460636280061097,-0.2870653921429832,-0.0006,0.0014,0.0,0.0266,0.1155,9.8056,0.00056,-0.00063,-0.00025,2.2500928501694144
2025-12-24 16:53:26.871057,-90.0,26.655158818037858,-6356748.77454518,2.2500928501694144,0.6460636280061097,-0.2870653921429832,-0.0006,0.0014,0.0,0.0264,0.1204,9.8081,0.00028,-0.00089,-0.00025,2.2500928501694144
2025-12-24 16:53:26.974729,-90.0,26.655158818037858,-6356748.77454518,2.2500928501694144,0.6460636280061097,-0.2870653921429832,-0.0006,0.0014,0.0,0.0335,0.1169,9.8111,-0.00033,0.00131,-1e-05,2.2500928501694144
2025-12-24 16:53:27.072318,-90.0,26.655163294624547,-6356748.77454518,2.250150736612378,0.6445499947560667,-0.28526300635732255,-0.0006,0.0017,-0.0002,0.0281,0.1239,9.8079,0.00041,0.0001,0.00034,2.250150736612378
2025-12-24 16:53:27.171710,-90.0,26.655163294624547,-6356748.77454518,2.250150736612378,0.6445499947560667,-0.28526300635732255,-0.0006,0.0017,-0.0002,0.0284,0.1346,9.8104,-0.00015,0.00061,-0.00032,2.250150736612378
2025-12-24 16:53:27.281721,-90.0,26.655154270434316,-6356748.7746451795,2.250137327398571,0.6464624840614821,-0.2844728670827728,-0.0012,0.002,0.0004,0.0311,0.1233,9.8098,0.00046,-0.00127,-0.00031,2.250137327398571
2025-12-24 16:53:27.374248,-90.0,26.655154270434316,-6356748.7746451795,2.250137327398571,0.6464624840614821,-0.2844728670827728,-0.0012,0.002,0.0004,0.0257,0.1244,9.8115,0.00085,-0.00033,-0.00059,2.250137327398571
2025-12-24 16:53:27.471197,-90.0,26.655154270434316,-6356748.7746451795,2.250137327398571,0.6464624840614821,-0.2844728670827728,-0.0012,0.002,0.0004,0.0285,0.1198,9.8073,0.00014,-0.0004,-0.00021,2.250137327398571
2025-12-24 16:53:27.572243,-90.0,26.65515655311252,-6356748.77514518,2.2501086007257634,0.6476715296063603,-0.28299869056295346,-0.0008,0.0021,0.0001,0.0283,0.1248,9.8098,-1e-05,-1e-05,6e-05,2.2501086007257634
2025-12-24 16:53:27.673217,-90.0,26.65515655311252,-6356748.77514518,2.2501086007257634,0.6476715296063603,-0.28299869056295346,-0.0008,0.0021,0.0001,0.0281,0.1277,9.8045,2e-05,-0.00076,0.0004,2.2501086007257634
2025-12-24 16:53:27.773189,-90.0,26.65515655311252,-6356748.77514518,2.2501086007257634,0.6476715296063603,-0.28299869056295346,-0.0008,0.0021,0.0001,0.0335,0.1242,9.8173,0.0003,-0.00058,0.00011,2.2501086007257634
2025-12-24 16:53:27.874012,-90.0,26.655097789373563,-6356748.7735451795,2.2500874401507565,0.646288064988581,-0.2774315688200452,-0.0009,0.0019,-0.0003,0.0276,0.1305,9.8077,-0.00023,0.00014,-0.00024,2.2500874401507565
2025-12-24 16:53:27.973896,-90.0,26.655097789373563,-6356748.7735451795,2.2500874401507565,0.646288064988581,-0.2774315688200452,-0.0009,0.0019,-0.0003,0.0416,0.1278,9.7908,-0.00104,0.00212,-0.00019,2.2500874401507565
2025-12-24 16:53:28.072658,-90.0,26.65505940994344,-6356748.773045179,2.2500495948838406,0.6495442013586535,-0.273325711604176,-0.001,0.0019,-0.0005,0.0386,0.1159,9.8177,-0.00016,0.00163,-0.00017,2.2500495948838406
2025-12-24 16:53:28.206685,-90.0,26.65505940994344,-6356748.773045179,2.2500495948838406,0.6495442013586535,-0.273325711604176,-0.001,0.0019,-0.0005,0.0002,0.1544,9.8074,-0.00034,0.00104,0.0002,2.2500495948838406
2025-12-24 16:53:28.273494,-90.0,26.65505940994344,-6356748.773045179,2.2500495948838406,0.6495442013586535,-0.273325711604176,-0.001,0.0019,-0.0005,0.0381,0.1275,9.7431,0.00041,-0.00018,0.00037,2.2500495948838406
2025-12-24 16:53:28.376107,-90.0,26.655050403480214,-6356748.773145179,2.2499545317898706,0.6479437454458942,-0.2717795222903035,-0.0002,0.0014,-0.0003,-0.0312,0.1295,9.838,-0.00085,0.00275,-0.00134,2.2499545317898706
2025-12-24 16:53:28.475641,-90.0,26.655050403480214,-6356748.773145179,2.2499545317898706,0.6479437454458942,-0.2717795222903035,-0.0002,0.0014,-0.0003,0.0296,0.2022,9.8512,0.00072,0.00644,0.00029,2.2499545317898706
2025-12-24 16:53:28.571124,-90.0,26.655050403480214,-6356748.773145179,2.2499545317898706,0.6479437454458942,-0.2717795222903035,-0.0002,0.0014,-0.0003,0.0442,0.0988,9.782,0.0004,0.00518,-8e-05,2.2499545317898706
2025-12-24 16:53:28.711743,-90.0,26.654991675275216,-6356748.772045179,2.2499897424287116,0.6416382744403558,-0.26870555638008164,-0.0051,0.0041,-0.0027,0.0448,0.1584,9.7999,-0.0005,-0.00085,-0.00019,2.2499897424287116
2025-12-24 16:53:28.785244,-90.0,26.654991675275216,-6356748.772045179,2.2499897424287116,0.6416382744403558,-0.26870555638008164,-0.0051,0.0041,-0.0027,0.0234,0.0829,9.8102,0.00037,0.00146,9e-05,2.2499897424287116
2025-12-24 16:53:28.876753,-90.0,26.654991675275216,-6356748.772045179,2.2499897424287116,0.6416382744403558,-0.26870555638008164,-0.0051,0.0041,-0.0027,0.024,0.129,9.7857,0.00049,0.00129,0.00016,2.2499897424287116
2025-12-24 16:53:28.980649,-90.0,26.65501874787071,-6356748.7724451795,2.249956532091703,0.6424880300776167,-0.26727477589577325,-0.0014,0.0001,0.0002,0.0416,0.14,9.8217,0.00021,-0.00676,-0.00022,2.249956532091703
2025-12-24 16:53:29.084862,-90.0,26.65501874787071,-6356748.7724451795,2.249956532091703,0.6424880300776167,-0.26727477589577325,-0.0014,0.0001,0.0002,-0.0772,0.1624,9.8284,0.00031,0.00078,-0.00048,2.249956532091703
2025-12-24 16:53:29.190576,-90.0,26.655048049902916,-6356748.772045179,2.2500212239368045,0.6355063108824034,-0.2731678768895738,-0.0024,-0.0003,-0.0004,0.1311,0.1291,9.8392,-6e-05,-0.00016,0.00058,2.2500212239368045
2025-12-24 16:53:29.274749,-90.0,26.655048049902916,-6356748.772045179,2.2500212239368045,0.6355063108824034,-0.2731678768895738,-0.0024,-0.0003,-0.0004,0.0683,0.1183,9.7997,-0.00035,0.00555,0.00015,2.2500212239368045
2025-12-24 16:53:29.371733,-90.0,26.655048049902916,-6356748.772045179,2.2500212239368045,0.6355063108824034,-0.2731678768895738,-0.0024,-0.0003,-0.0004,0.0085,0.1522,9.8867,8e-05,-0.00141,-0.00017,2.2500212239368045
2025-12-24 16:53:29.478670,-90.0,26.655048049902916,-6356748.77184518,2.250100850678388,0.6354955513283626,-0.27319322846406513,-0.0004,0.0047,0.0002,0.0179,0.1742,9.8746,-8e-05,-0.00101,-0.0,2.250100850678388
2025-12-24 16:53:29.571834,-90.0,26.655048049902916,-6356748.77184518,2.250100850678388,0.6354955513283626,-0.27319322846406513,-0.0004,0.0047,0.0002,0.0539,0.0784,9.7996,9e-05,0.00142,-0.00066,2.250100850678388
2025-12-24 16:53:29.676117,-90.0,26.655048049902916,-6356748.77184518,2.250100850678388,0.6354955513283626,-0.27319322846406513,-0.0004,0.0047,0.0002,0.025,0.1095,9.8068,-0.00092,0.00025,0.00027,2.250100850678388
2025-12-24 16:53:29.775363,-90.0,26.65505029708377,-6356748.77184518,2.25005034257158,0.6342241298010665,-0.2787412026018337,-0.0008,0.003,-0.0002,0.0747,0.1495,9.7515,0.00368,0.00458,-0.00116,2.25005034257158
2025-12-24 16:53:29.878283,-90.0,26.65505029708377,-6356748.77184518,2.25005034257158,0.6342241298010665,-0.2787412026018337,-0.0008,0.003,-0.0002,0.0983,-0.12,9.7923,-9e-05,0.0004,-0.00036,2.25005034257158
2025-12-24 16:53:29.972157,-90.0,26.655106671613986,-6356748.771445179,2.2501770360851445,0.6335420219004441,-0.2757964381680222,-0.0023,0.0007,-0.0002,0.0218,0.0967,9.8014,-0.00179,-0.0058,-3e-05,2.2501770360851445
2025-12-24 16:53:30.076522,-90.0,26.655106671613986,-6356748.771445179,2.2501770360851445,0.6335420219004441,-0.2757964381680222,-0.0023,0.0007,-0.0002,-0.0033,0.1173,9.8058,0.0012,0.00127,0.00014,2.2501770360851445
2025-12-24 16:53:30.172129,-90.0,26.655106671613986,-6356748.771445179,2.2501770360851445,0.6335420219004441,-0.2757964381680222,-0.0023,0.0007,-0.0002,0.0312,0.1248,9.799,0.0006,-0.00074,-0.00026,2.2501770360851445
2025-12-24 16:53:30.273843,-90.0,26.655104406698197,-6356748.771045179,2.250193557760351,0.6404517066831578,-0.26767375401409144,-0.0022,0.0028,-0.0013,0.0656,0.1019,9.8143,2e-05,-0.00056,-0.00051,2.250193557760351
2025-12-24 16:53:30.371209,-90.0,26.655104406698197,-6356748.771045179,2.250193557760351,0.6404517066831578,-0.26767375401409144,-0.0022,0.0028,-0.0013,0.0372,0.09,9.8169,0.00125,0.00125,3e-05,2.250193557760351
2025-12-24 16:53:30.506012,-90.0,26.655104406698197,-6356748.771045179,2.250193557760351,0.6404517066831578,-0.26767375401409144,-0.0022,0.0028,-0.0013,-0.0293,0.1632,9.7751,0.00058,0.00085,-0.00033,2.250193557760351
2025-12-24 16:53:30.573627,-90.0,26.655106653870174,-6356748.77124518,2.2502381274523398,0.6410363153360539,-0.27477207841927015,-0.0009,0.0036,0.0,0.0607,0.1467,9.8314,0.00063,-0.00104,-0.00027,2.2502381274523398
2025-12-24 16:53:30.674912,-90.0,26.655106653870174,-6356748.77124518,2.2502381274523398,0.6410363153360539,-0.27477207841927015,-0.0009,0.0036,0.0,0.018,0.1264,9.7872,-0.00027,0.00046,0.00094,2.2502381274523398
2025-12-24 16:53:30.773385,-90.0,26.655174299624168,-6356748.771445179,2.25029277663674,0.6416712308105404,-0.28464215396026243,-0.0036,0.0007,-0.0003,0.0636,0.146,9.8103,-0.00121,-0.00018,-0.00061,2.25029277663674
2025-12-24 16:53:30.873554,-90.0,26.655174299624168,-6356748.771445179,2.25029277663674,0.6416712308105404,-0.28464215396026243,-0.0036,0.0007,-0.0003,0.0377,0.0122,9.8356,-0.00016,0.00065,0.00047,2.25029277663674
2025-12-24 16:53:30.976547,-90.0,26.655174299624168,-6356748.771445179,2.25029277663674,0.6416712308105404,-0.28464215396026243,-0.0036,0.0007,-0.0003,-0.0219,0.0648,9.8255,0.00123,-0.00069,-0.00065,2.25029277663674
2025-12-24 16:53:31.072656,-90.0,26.655210378489315,-6356748.771545179,2.250357925346775,0.640826797835661,-0.274140619072188,0.0026,0.0048,-0.0002,0.0351,0.1568,9.806,0.00085,0.00033,0.00024,2.250357925346775
2025-12-24 16:53:31.172750,-90.0,26.655210378489315,-6356748.771545179,2.250357925346775,0.640826797835661,-0.274140619072188,0.0026,0.0048,-0.0002,0.0711,0.1475,9.8082,0.00059,0.00056,4e-05,2.250357925346775
2025-12-24 16:53:31.282310,-90.0,26.655210378489315,-6356748.771545179,2.250357925346775,0.640826797835661,-0.274140619072188,0.0026,0.0048,-0.0002,0.0128,0.117,9.804,-0.00099,-0.00037,-0.0004,2.250357925346775
2025-12-24 16:53:31.372384,-90.0,26.65519457733933,-6356748.771445179,2.2503957833629933,0.6444886103887819,-0.2754491152925144,-0.0018,0.0013,-0.0007,0.0391,0.0909,9.8103,-0.00085,-0.00049,1e-05,2.2503957833629933
2025-12-24 16:53:31.472199,-90.0,26.65519457733933,-6356748.771445179,2.2503957833629933,0.6444886103887819,-0.2754491152925144,-0.0018,0.0013,-0.0007,0.022,0.1331,9.8023,-8e-05,0.00076,6e-05,2.2503957833629933
2025-12-24 16:53:31.571850,-90.0,26.65519457733933,-6356748.771445179,2.2503957833629933,0.6444886103887819,-0.2754491152925144,-0.0018,0.0013,-0.0007,0.0295,0.1276,9.8104,0.00066,-0.00018,-0.00024,2.2503957833629933
2025-12-24 16:53:31.671856,-90.0,26.655223879183023,-6356748.770845179,2.250450981858302,0.6474225471704089,-0.2715221050304358,-0.002,0.0028,-0.0011,-0.0066,0.1307,9.8214,-0.00024,-0.00079,-0.0001,2.250450981858302
2025-12-24 16:53:31.793347,-90.0,26.655223879183023,-6356748.770845179,2.250450981858302,0.6474225471704089,-0.2715221050304358,-0.002,0.0028,-0.0011,-0.0378,0.2793,9.7919,-0.0005,-0.00583,0.0003,2.250450981858302
2025-12-24 16:53:31.871891,-90.0,26.655255428142684,-6356748.77074518,2.250550361557077,0.6497737132394162,-0.27118721094524606,-0.0003,0.0005,0.0001,-0.0559,0.0465,9.7182,-0.00102,-0.00629,0.00058,2.250550361557077
2025-12-24 16:53:31.997833,-90.0,26.655255428142684,-6356748.77074518,2.250550361557077,0.6497737132394162,-0.27118721094524606,-0.0003,0.0005,0.0001,0.3023,0.2555,9.9805,-0.00042,0.00159,-0.00012,2.250550361557077
2025-12-24 16:53:32.076049,-90.0,26.655255428142684,-6356748.77074518,2.250550361557077,0.6497737132394162,-0.27118721094524606,-0.0003,0.0005,0.0001,-0.0983,0.0739,9.755,-0.00064,-0.00434,0.00192,2.250550361557077
2025-12-24 16:53:32.175936,-90.0,26.655239644783162,-6356748.77074518,2.250662588090883,0.6453895693664587,-0.2774997058487366,-0.0005,0.0004,-0.0012,0.7673,0.1463,9.4957,0.00272,0.00905,0.00306,2.250662588090883
2025-12-24 16:53:32.273976,-90.0,26.655239644783162,-6356748.77074518,2.250662588090883,0.6453895693664587,-0.2774997058487366,-0.0005,0.0004,-0.0012,1.5414,-0.2391,9.9272,0.00546,-0.03792,0.00363,2.250662588090883
2025-12-24 16:53:32.371655,-90.0,26.655239644783162,-6356748.77074518,2.250662588090883,0.6453895693664587,-0.2774997058487366,-0.0005,0.0004,-0.0012,1.6956,-0.0565,10.2,0.00391,-0.00103,-0.00783,2.250662588090883
2025-12-24 16:53:32.473961,-90.0,26.659033658155927,-6356748.770645179,2.2509970557186545,0.8615258248090568,-0.18357498668925415,0.4589,0.0056,0.0,0.885,0.2872,9.761,-0.00109,-0.00035,0.00483,2.2509970557186545
2025-12-24 16:53:32.572439,-90.0,26.661601780868587,-6356748.771045179,2.2512447505013835,0.8652617724792652,-0.18836448870790834,0.5792,-0.0028,-0.0058,1.3508,0.2364,9.681,0.00123,0.00416,0.0017,2.2512447505013835
2025-12-24 16:53:32.673718,-90.0,26.664010124941846,-6356748.7702451795,2.251655536049297,0.8799644459475631,-0.17313284319197364,0.658,0.0054,0.005,1.1722,-0.4374,9.9714,0.00351,-0.0006,0.00117,2.251655536049297
2025-12-24 16:53:32.773151,-90.0,26.66755417802078,-6356748.771745179,2.2516685658519675,0.9242041267268487,-0.18657526448160203,0.7771,0.0093,0.0072,1.3307,0.1259,9.7167,-6e-05,-0.02686,-0.00233,2.2516685658519675
2025-12-24 16:53:32.888559,-90.0,26.67146679843373,-6356748.773345179,2.252277016976255,0.9469149164964776,-0.10809570711726989,0.8826,0.0253,0.0051,1.5963,-0.2574,9.8659,-0.00565,0.00425,0.00888,2.252277016976255
2025-12-24 16:53:32.973171,-90.0,26.676054822153677,-6356748.775545179,2.253529584182788,0.9449868857779654,-0.12772035589766642,0.9732,0.0184,0.0208,0.4486,0.5261,9.8783,-0.00094,-0.03578,0.01452,2.253529584182788
2025-12-24 16:53:33.074986,-90.0,26.681865274206153,-6356748.781345179,2.2539675281053446,0.9523640171851867,-0.062104224538682674,1.1312,0.0241,0.0035,1.971,-0.2401,9.498,-0.00075,-0.00567,-0.00039,2.2539675281053446
2025-12-24 16:53:33.177931,-90.0,26.68762167972439,-6356748.783145179,2.25488888642856,0.9929555917321423,-0.06393152843996779,1.2,0.008,0.0096,0.965,0.2137,9.5428,0.00612,-0.09974,0.01295,2.25488888642856
2025-12-24 16:53:33.279442,-90.0,26.69394982529177,-6356748.784145179,2.2558493155746664,1.0077677391222586,-0.1296632371234888,1.3515,-0.0049,-0.007,0.4422,-0.0891,9.8573,0.01816,0.03627,0.00917,2.2558493155746664
2025-12-24 16:53:33.383471,-90.0,26.702064622469525,-6356748.787345179,2.2571590328828375,1.0878372368502893,-0.12876138765257292,1.4588,0.0103,-0.0056,1.638,0.1619,9.4986,0.00348,-0.00331,0.01576,2.2571590328828375
2025-12-24 16:53:33.483896,-90.0,26.709593244353773,-6356748.787845179,2.258717292380026,1.1670417228457393,-0.15715628893384279,1.5859,-0.0092,-0.0039,1.1802,0.6487,10.0552,0.01205,-0.01124,0.00559,2.258717292380026
2025-12-24 16:53:33.587383,-90.0,26.718875551096787,-6356748.786445179,2.2597329163723434,1.2033969221530731,-0.17185441298542498,1.7212,0.0101,0.0227,1.2161,0.2448,9.9073,0.00284,0.02565,0.0132,2.2597329163723434
2025-12-24 16:53:33.671736,-90.0,26.72755584369933,-6356748.790845179,2.2618791189925482,1.1877688942050035,-0.17800704336734277,1.8022,0.0114,0.0244,1.0756,-0.9133,9.8635,-0.0095,-0.09066,0.02767,2.2618791189925482
2025-12-24 16:53:33.773491,-90.0,26.73679732312989,-6356748.793345179,2.2638454218656783,1.0955338391567622,-0.25732704264887163,1.9336,0.0205,-0.0001,0.2655,0.0827,9.7635,-0.00552,0.01256,0.01929,2.2638454218656783
2025-12-24 16:53:33.900326,-90.0,26.74651617019645,-6356748.793945179,2.2661996635952306,1.1848243849316875,-0.2613541080993382,2.0106,-0.0015,-0.0134,-0.0555,1.3178,10.3834,0.01803,-0.12607,0.03091,2.2661996635952306
2025-12-24 16:53:34.004916,-90.0,26.75739851469568,-6356748.793345179,2.2684673589351956,1.138435242525806,-0.43329964749985644,2.1554,-0.0337,-0.0117,1.6097,-0.487,8.8978,0.00735,0.09122,0.01982,2.2684673589351956
2025-12-24 16:53:34.073065,-90.0,26.768265055761855,-6356748.79374518,2.27063364926987,1.2314271757257669,-0.4218906259132046,2.248,0.0003,-0.0151,-0.4103,-0.7394,9.7413,0.00172,-0.15253,0.01636,2.27063364926987
2025-12-24 16:53:34.203045,-90.0,26.780094183666026,-6356748.789145179,2.2731886841899627,1.3207893320740016,-0.4977436186027218,2.3394,-0.0147,-0.0026,-0.4534,0.2775,9.0275,0.0343,-0.16703,0.02271,2.2731886841899627
2025-12-24 16:53:34.273096,-90.0,26.792077872604505,-6356748.7894451795,2.275775912722906,1.267790562078678,-0.6164378337185519,2.5044,0.0431,0.0087,1.2659,3.3921,11.8337,0.00013,0.0172,0.02979,2.275775912722906
2025-12-24 16:53:34.375405,-90.0,26.804973761020626,-6356748.78164518,2.2782328981681754,1.1645188718618869,-0.7002915923366952,2.5767,0.0226,-0.0022,1.5512,1.3678,10.3956,-0.0038,-0.0454,0.02165,2.2782328981681754
2025-12-24 16:53:34.473624,-90.0,26.81795394245539,-6356748.780945179,2.280744199861622,0.9086810897291676,-0.8764304200753366,2.6971,0.0322,-0.003,1.5166,1.2681,9.9697,-0.01617,0.13247,0.04028,2.280744199861622
2025-12-24 16:53:34.572407,-90.0,26.831361100381287,-6356748.780945179,2.2837348805257944,0.9375293705699682,-0.7252512586981942,2.8195,0.0103,-0.0059,3.296,0.25,9.6756,-0.01313,0.02348,0.02195,2.2837348805257944
2025-12-24 16:53:34.672241,-90.0,26.84527267523052,-6356748.770645179,2.2859837507397898,0.847145042890588,-0.8345251838226042,2.8646,-0.0295,0.0209,1.2474,-1.829,9.7757,0.02654,0.0739,0.01873,2.2859837507397898
2025-12-24 16:53:34.772813,-90.0,26.859605206601707,-6356748.76964518,2.2888983626880477,0.8459175841671079,-0.8842234638440567,2.9818,-0.0147,-0.0325,0.945,0.1746,9.6074,0.00204,0.0026,0.0401,2.2888983626880477
2025-12-24 16:53:34.872843,-90.0,26.874318153095626,-6356748.766545179,2.292642225207791,0.8056649510117831,-1.0149241301500076,3.0591,0.0328,-0.0152,0.9854,0.6988,9.7385,-0.00013,0.01537,0.04393,2.292642225207791
2025-12-24 16:53:34.972242,-90.0,26.8895628058375,-6356748.7642451795,2.2963229221601287,0.5672273348679104,-1.0240212009238288,3.2026,0.0544,0.0007,1.9791,-0.1695,9.0309,-0.02796,0.13173,0.03213,2.2963229221601287
2025-12-24 16:53:35.072804,-90.0,26.905230030123793,-6356748.767145179,2.30038636580476,0.4954824526768009,-0.9429662594222635,3.2343,0.0416,0.0191,0.5744,-0.6229,9.8795,-0.01059,-0.06546,0.05514,2.30038636580476
2025-12-24 16:53:35.177907,-90.0,26.921276100940158,-6356748.76574518,2.3041450848258376,0.5324605998536303,-0.7790148075901825,3.3557,0.0601,-0.0013,4.1474,0.3717,8.8234,-0.01441,0.09084,0.0235,2.3041450848258376
2025-12-24 16:53:35.275227,-90.0,26.93874642024914,-6356748.751845179,2.306882496226664,0.6703842192706848,-0.6897869496679184,3.4003,-0.0381,-0.0097,-0.8332,-0.5083,9.2328,0.01968,-0.11459,0.03284,2.306882496226664
2025-12-24 16:53:35.374855,-90.0,26.955564822243502,-6356748.750345179,2.3115290857553266,0.8342828912422059,-0.5588135411863957,3.4865,-0.0527,-0.0246,1.18,-2.5575,9.9527,0.01049,-0.14835,0.04381,2.3115290857553266
2025-12-24 16:53:35.472655,-90.0,26.972984473329813,-6356748.744645179,2.3130241476318947,1.1269943342554483,-0.7022123255631301,3.6038,-0.0894,-0.0023,0.4969,-0.0744,9.7001,0.0472,0.01235,0.01676,2.3130241476318947
2025-12-24 16:53:35.573818,-90.0,26.99095369817617,-6356748.744545179,2.3153897041207534,1.2615117898173027,-0.6786361838519093,3.7294,0.0019,-0.0458,-2.4659,0.4744,9.1198,-0.01129,-0.21631,0.03692,2.3153897041207534
2025-12-24 16:53:35.672979,-90.0,27.009387847182342,-6356748.741945179,2.317259121760115,1.2930151747123564,-0.6177348723923297,3.8005,0.0079,-0.0392,1.6598,1.9459,9.7019,-0.00896,0.00463,0.0241,2.317259121760115
2025-12-24 16:53:35.772736,-90.0,27.027776924515273,-6356748.747345179,2.3199970860703396,1.3872273779672761,-0.4377243727132428,3.8781,0.0158,-0.0552,1.8105,-0.112,9.2335,-0.0024,0.01071,0.02474,2.3199970860703396
2025-12-24 16:53:35.873355,-90.0,27.046957999505466,-6356748.745945179,2.3230383352267157,1.5220218731022037,-0.4160563728342908,4.0175,-0.0439,-0.0597,2.6541,-2.3833,10.5451,0.01568,0.0231,0.03726,2.3230383352267157
2025-12-24 16:53:35.972814,-90.0,27.06653432207303,-6356748.771045179,2.3253738565791826,1.4809361599931554,-0.5970798763971382,4.0787,-0.0373,-0.0159,1.6218,0.5764,9.6564,0.0493,0.01297,0.00669,2.3253738565791826
2025-12-24 16:53:36.071913,-90.0,27.08670066566139,-6356748.7746451795,2.3275978967724877,1.3864173278605028,-0.792059560961847,4.1689,-0.0313,0.0211,0.6389,0.4352,9.2984,0.00203,-0.04009,0.01575,2.3275978967724877
2025-12-24 16:53:36.173418,-90.0,27.107131309247475,-6356748.777445179,2.327477947923696,1.5040567884353238,-0.8212865337533545,4.2166,-0.0535,-0.0365,2.2895,1.7956,9.1357,0.01594,-0.14862,0.01072,2.327477947923696
2025-12-24 16:53:36.272193,-90.0,27.128051728510925,-6356748.77564518,2.325657514218814,1.5613660405624397,-0.771126933670569,4.3444,-0.0496,-0.0363,2.7149,1.077,9.5604,0.0129,0.11323,-0.01933,2.325657514218814
2025-12-24 16:53:36.372848,-90.0,27.14967303927015,-6356748.791745179,2.3253913968079427,1.2764152241252986,-1.0642098490073173,4.4234,-0.0489,0.0307,-0.9508,-0.1211,10.6735,-0.00822,0.14963,-0.01695,2.3253913968079427
2025-12-24 16:53:36.472065,-90.0,27.17132905754202,-6356748.796245179,2.3237991717247986,1.415792476013063,-0.962958238003612,4.4811,-0.1244,0.0252,0.8793,-2.6086,10.0249,0.04205,0.02167,-0.00713,2.3237991717247986
2025-12-24 16:53:36.574649,-90.0,27.19341735815406,-6356748.799045179,2.322728579493063,1.3829874945524954,-0.9291812906831555,4.6302,0.0263,0.0157,3.8459,0.565,9.2461,-0.06144,0.25535,-0.00628,2.322728579493063
2025-12-24 16:53:36.671845,-90.0,27.215878782756402,-6356748.804445179,2.3220121332110013,1.5037026686703412,-0.7528236023430853,4.593,-0.0494,0.0142,0.3354,-0.6557,8.7695,0.02922,-0.2301,-0.01379,2.3220121332110013
2025-12-24 16:53:36.774210,-90.0,27.238704659981256,-6356748.80694518,2.321350661178712,1.2251459690286413,-0.7936691592554674,4.7264,0.0658,0.0053,-2.786,3.2468,10.1434,-0.04993,0.03125,0.00035,2.321350661178712
2025-12-24 16:53:36.874292,-90.0,27.262713779895545,-6356748.795745179,2.3201876481090045,1.1142034102436909,-0.7819646608013353,4.8634,-0.0353,0.0185,2.8927,5.5118,9.2408,-0.03983,0.52557,-0.04885,2.3201876481090045
2025-12-24 16:53:36.976357,-90.0,27.286406849297446,-6356748.801045179,2.3199601488027963,1.4370912926187513,-0.35473115661661486,4.8705,-0.132,-0.0013,3.2028,-2.2795,10.0038,0.01342,-0.21838,0.0164,2.3199601488027963
2025-12-24 16:53:37.072185,-90.0,27.31054265704256,-6356748.808345179,2.3193484503242896,1.1355325557514588,-0.4910483034419175,4.9905,-0.0151,0.0747,2.3124,1.6273,11.5779,-0.03446,0.26472,-0.02212,2.3193484503242896
2025-12-24 16:53:37.174419,-90.0,27.334072364037944,-6356748.8234451795,2.319447712626948,1.0858030668207728,-0.19498643654547682,5.0206,-0.029,0.0047,1.0878,0.3982,10.0902,-0.02129,-0.03194,0.01121,2.319447712626948
2025-12-24 16:53:37.275167,-90.0,27.35869517369368,-6356748.831945179,2.3192444860638797,1.0628305922962176,-0.17339686386490544,5.1138,-0.0218,0.0386,3.7138,-0.7172,9.6651,-0.01228,0.34093,-0.03746,2.3192444860638797
2025-12-24 16:53:37.375745,-90.0,27.38377618033989,-6356748.837445179,2.3212504418894753,0.9284919130780712,-0.14007891493855693,5.09,-0.0783,0.0273,-8.1049,3.0473,11.4877,-0.00323,-0.58552,0.04929,2.3212504418894753
2025-12-24 16:53:37.477924,-90.0,27.409107019879617,-6356748.84534518,2.3226713945216657,0.9145535444874203,-0.1451201919137864,5.2762,-0.0339,0.0302,4.4856,1.5983,8.713,-0.05574,0.36334,0.01924,2.3226713945216657
2025-12-24 16:53:37.580695,-90.0,27.43477477065929,-6356748.819745179,2.3244599389093747,0.6585728952778106,-0.05453273130181179,5.3493,-0.0569,0.0404,1.0021,-8.0981,12.6279,-0.01291,0.18735,-0.01791,2.3244599389093747
2025-12-24 16:53:37.672410,-90.0,27.460981380574417,-6356748.82664518,2.3249768967901425,0.7815721938152768,0.04970703045666966,5.4027,-0.0,0.0105,2.7304,-0.4825,10.2734,-0.0272,-0.11509,0.03971,2.3249768967901425
2025-12-24 16:53:37.772435,-90.0,27.48746725548971,-6356748.83264518,2.3273998907032234,0.7328351978925924,0.06902597938547583,5.4313,-0.0486,0.0211,1.589,-1.5415,10.4363,0.01013,0.02584,0.00637,2.3273998907032234
2025-12-24 16:53:37.872762,-90.0,27.51430365745312,-6356748.822545179,2.32954902322816,0.8421008957826487,0.3005382034238595,5.5209,-0.0395,-0.0637,-0.7779,-3.4447,9.4319,-0.02526,-0.26091,0.0284,2.32954902322816
2025-12-24 16:53:37.974639,-90.0,27.54127580880762,-6356748.826945179,2.3308315473358965,0.8093522779961102,0.21141465057714778,5.4909,-0.1323,-0.0018,-0.3398,-4.7065,9.3417,-0.01133,-0.11138,-0.00519,2.3308315473358965
2025-12-24 16:53:38.073709,-90.0,27.56867374505173,-6356748.832845179,2.332873616078435,0.5810475995094891,0.20602763187281137,5.6087,0.0084,0.0368,-5.2423,-2.0682,13.4974,-0.0094,-0.14952,0.03409,2.332873616078435
2025-12-24 16:53:38.173595,-90.0,27.596792362032964,-6356748.870645179,2.3354981639910593,0.8005572819469388,-0.002725587346810801,5.7619,-0.0817,0.0503,0.544,3.0619,11.6684,0.01485,0.28524,0.04975,2.3354981639910593
2025-12-24 16:53:38.271681,-90.0,27.62478988675765,-6356748.88034518,2.340287405673412,1.1147873079127346,0.19516461141195746,5.7584,-0.1629,-0.0114,0.0241,-2.2348,9.4537,0.00808,-0.04037,0.04452,2.340287405673412
2025-12-24 16:53:38.378927,-90.0,27.65326561206365,-6356748.88964518,2.3412114218189037,0.9402544292875357,0.07387055166099386,5.9315,-0.0369,0.0218,-1.0662,2.5542,11.2907,-0.03539,0.29229,0.05262,2.3412114218189037
2025-12-24 16:53:38.472148,-90.0,27.681273072258048,-6356748.916845179,2.3422588006139797,1.075856952710191,0.2575290786337281,5.9403,-0.0035,-0.0041,4.9142,-1.4214,6.3679,-0.02998,0.32744,0.00724,2.3422588006139797
2025-12-24 16:53:38.606614,-90.0,27.71019080202463,-6356748.924445179,2.346844828255545,0.8674555446364378,0.3239360437423177,6.0428,0.0911,-0.0415,3.991,-0.4583,5.8487,-0.02982,0.36385,0.00022,2.346844828255545
2025-12-24 16:53:38.672970,-90.0,27.73906970893512,-6356748.936145179,2.3486376890904617,1.0761730261154112,0.5992544419511414,5.8759,-0.045,0.0155,-1.9273,5.7229,10.5978,0.00262,-0.60756,0.01067,2.3486376890904617
2025-12-24 16:53:38.771988,-90.0,27.76818793883621,-6356748.94884518,2.349010357050119,0.6506897152693186,0.49810195123445916,6.1055,0.0362,0.0212,0.8993,0.6093,8.9363,-0.05304,0.42321,-0.00647,2.349010357050119
2025-12-24 16:53:38.878563,-90.0,27.79704305085629,-6356748.967445179,2.3511925773346003,0.8092447263656393,0.727331826839296,5.6241,-0.0803,0.0226,-19.9843,0.3298,10.5795,-0.05716,-0.93675,-0.02573,2.3511925773346003
2025-12-24 16:53:38.973673,-90.0,27.824495469627518,-6356748.972845179,2.352917227884639,0.36521801520824165,0.3007976767577793,5.4537,-0.105,-0.0222,-6.7165,-1.6151,8.5952,-0.03723,0.06345,-0.0183,2.352917227884639
2025-12-24 16:53:39.073677,-90.0,27.851989665854248,-6356748.973245179,2.3548800185780294,0.16473589080580917,0.3659996037612309,5.2612,-0.0001,-0.0328,-3.8287,-2.2454,6.9804,-0.0842,-0.34574,0.03641,2.3548800185780294
2025-12-24 16:53:39.211747,-90.0,27.877059756334784,-6356748.973145179,2.356907546199641,-0.3619178871574102,0.11488803948697604,5.0411,-0.0886,0.0395,-1.5086,-1.3173,12.0159,0.01333,0.32247,0.03509,2.356907546199641
2025-12-24 16:53:39.274359,-90.0,27.901598410814763,-6356748.966245179,2.3594009388381796,-0.3476116390808212,-0.0404537222502498,4.692,-0.043,0.0633,-2.9273,3.9255,9.8157,0.01343,-0.23751,0.03634,2.3594009388381796
2025-12-24 16:53:39.373034,-90.0,27.92338067236049,-6356748.978845179,2.361098762547452,-0.1454346946230941,-0.24407442336905338,4.4093,-0.1318,0.0192,-4.0567,-0.7205,8.3296,0.07357,-0.13476,0.04435,2.361098762547452
2025-12-24 16:53:39.473976,-90.0,27.94453527227438,-6356748.973145179,2.3610426528171726,-0.08230859132209714,-0.45564696027297463,4.2433,-0.0521,-0.0373,7.0992,2.7913,8.6109,-0.04016,0.53743,0.023,2.3610426528171726
2025-12-24 16:53:39.577007,-90.0,27.964152878406036,-6356748.973745179,2.3600614937188293,-0.5325447634353729,-0.5144731054734614,3.7877,0.0135,0.0713,-12.1312,-2.0694,12.1056,-0.01589,-0.32697,0.00603,2.3600614937188293
2025-12-24 16:53:39.671761,-90.0,27.982065289954146,-6356748.976145179,2.3597127401076783,-0.08222179883499506,0.19528260830156166,3.6175,0.0319,-0.002,0.7102,1.9759,9.2564,-0.0267,-0.0777,-0.00261,2.3597127401076783
2025-12-24 16:53:39.773283,-90.0,27.999178760582108,-6356748.975045179,2.3610366658360924,-0.6422950518231584,-0.21640003239720712,3.4081,-0.0028,0.0451,-5.1004,-0.9085,10.3885,-0.02586,0.1845,0.00897,2.3610366658360924
2025-12-24 16:53:39.873830,-90.0,28.015039933327397,-6356748.982045179,2.3608640929230758,-0.4411403457520838,-0.0840010426373469,3.1376,-0.0106,0.0239,-0.9981,-1.4585,8.5847,0.01412,0.01049,-0.00542,2.3608640929230758
2025-12-24 16:53:39.982503,-90.0,28.02996841168245,-6356748.988545179,2.3621994248500733,-0.5481013791095626,-0.15399928866182674,2.9052,0.0171,0.027,-2.1107,-2.448,9.3686,0.02217,0.18144,-0.0033,2.3621994248500733
2025-12-24 16:53:40.071949,-90.0,28.043112797238187,-6356748.994045179,2.3614228304189337,-0.011821582744001025,-0.043269256651727726,2.6351,0.0263,-0.0167,1.1766,-0.0624,8.876,-0.02096,0.12082,-0.05475,2.3614228304189337
2025-12-24 16:53:40.180855,-90.0,28.055279039479768,-6356748.99544518,2.360807125683474,-0.08444385634359132,0.08866949927035592,2.4164,0.1247,0.0425,-2.523,-3.2289,11.4976,-0.06281,-0.05353,0.0057,2.360807125683474
2025-12-24 16:53:40.273250,-90.0,28.06663436555729,-6356749.008245179,2.3637627272095267,-0.5809068880738388,-0.0650437379993191,2.0987,0.0971,0.0818,-3.6236,1.2708,9.5018,-0.01805,-0.09967,0.00812,2.3637627272095267
2025-12-24 16:53:40.392320,-90.0,28.07620746503039,-6356749.012945179,2.363021487445539,-0.5635081172915481,0.1589953217232694,1.891,0.063,0.0441,-2.0514,0.4917,9.6961,-0.0022,-0.00721,-0.00729,2.363021487445539
2025-12-24 16:53:40.480855,-90.0,28.084990476446368,-6356749.024245179,2.362527942059715,-0.6057656688775169,0.10448736255320987,1.6591,0.0229,0.0563,-2.5132,0.7531,9.5893,0.00166,0.01602,0.00284,2.362527942059715
2025-12-24 16:53:40.674608,-90.0,28.09865193123686,-6356749.034345179,2.363711096228431,-0.29971910970499227,0.22095424648983808,1.2147,-0.0042,0.0117,-2.1233,0.0679,9.7505,0.01437,-0.06721,0.01991,2.363711096228431
2025-12-24 16:53:40.774604,-90.0,28.104155399707924,-6356749.0361451795,2.3645564884301233,-0.20526006667904145,0.31270149026165167,1.0585,0.0282,0.0308,-1.0004,-0.3909,9.9798,-0.00922,-0.02308,0.0008,2.3645564884301233
2025-12-24 16:53:40.904751,-90.0,28.108341321437393,-6356749.042845179,2.364535104919173,-0.3002936881903131,0.290763954018874,0.8952,0.0776,0.0465,-1.689,-0.1193,9.6629,-0.02968,0.0712,-0.0003,2.364535104919173
2025-12-24 16:53:40.973676,-90.0,28.112075195635907,-6356749.047245179,2.365338195614264,-0.33108305557507844,0.48153033133488404,0.6967,0.0611,0.0389,-1.945,-0.4691,9.6646,-0.02418,-0.08066,0.00831,2.365338195614264
2025-12-24 16:53:41.173991,-90.0,28.114370457272933,-6356749.0449451795,2.366435813020098,-0.2793372713865223,0.5920929911630401,0.3791,0.0023,0.0171,-1.5993,-0.5287,10.0288,0.00738,-0.04407,0.00266,2.366435813020098
2025-12-24 16:53:41.276342,-90.0,28.115953310319973,-6356749.04644518,2.3663075385501178,-0.23656674990537582,0.5602897238739674,0.2703,0.0044,0.0118,-1.0809,0.0665,9.7248,0.00681,0.00316,-0.00121,2.3663075385501178
2025-12-24 16:53:41.383161,-90.0,28.115650785004252,-6356749.049045179,2.3665365113897394,-0.2066139675605511,0.5647185520312251,0.1367,0.0169,0.0082,-1.0852,-0.0217,9.839,-0.00079,-0.00876,0.00055,2.3665365113897394
2025-12-24 16:53:41.471876,-90.0,28.11603407721444,-6356749.049945179,2.3663929951703366,-0.1975905441827792,0.585856487872562,0.0338,0.0138,0.0073,-0.9326,-0.1939,9.7428,0.00061,-0.00255,-0.00163,2.3663929951703366
2025-12-24 16:53:41.574473,-90.0,28.115964413203354,-6356749.050645179,2.3665289043599476,-0.16986203246612613,0.5944485885096676,-0.0505,0.0065,0.0074,-0.6914,-0.1647,9.7942,0.00434,-0.00622,0.00142,2.3665289043599476
2025-12-24 16:53:41.678111,-90.0,28.114452689379792,-6356749.046345179,2.366580558642683,-0.11459870916713866,0.6058621852865328,-0.1256,-0.0044,0.0022,-0.5348,-0.0556,9.8407,0.00324,-0.00974,-0.00208,2.366580558642683
2025-12-24 16:53:41.779960,-90.0,28.113732335901513,-6356749.04644518,2.3665670418397697,-0.10487875780396548,0.605993126782872,-0.1689,0.0046,0.0011,-0.2725,0.0314,9.7209,-0.00126,0.00438,0.00144,2.3665670418397697
2025-12-24 16:53:41.882299,-90.0,28.11280441123811,-6356749.046345179,2.36659043508787,-0.1332968049640748,0.6052854321136019,-0.2099,0.0095,-0.0024,-0.3144,-0.1551,9.716,-0.00368,0.00264,-0.00185,2.36659043508787
2025-12-24 16:53:42.023909,-90.0,28.11030925148633,-6356749.039745179,2.3665701797725656,-0.10434514924005941,0.6210638326719807,-0.2387,-0.0038,-0.0045,-0.0497,-0.0854,9.6868,0.00254,0.00138,-0.00306,2.3665701797725656
2025-12-24 16:53:42.072611,-90.0,28.109136332740025,-6356749.039145179,2.3663974617231878,-0.1016330763679809,0.612158002553371,-0.2485,-0.0066,-0.008,-0.1577,-0.2131,9.7004,0.0019,0.00425,-0.00124,2.3663974617231878
2025-12-24 16:53:42.171886,-90.0,28.10738923594716,-6356749.033045179,2.3662330914034184,-0.11494421638583217,0.5918808631625598,-0.2716,-0.0047,-0.0072,-0.2435,-0.0468,9.9161,-0.00136,-0.00332,-0.00394,2.3662330914034184
2025-12-24 16:53:42.275456,-90.0,28.10606918788989,-6356749.03224518,2.365988705828251,-0.08992229278475664,0.5940715748211433,-0.2736,-0.01,-0.0063,0.1905,-0.1263,9.8545,0.00474,0.00301,-0.00132,2.365988705828251
2025-12-24 16:53:42.371955,-90.0,28.104741975663394,-6356749.031345179,2.366034379440142,-0.08528545230424063,0.5669965076534164,-0.2783,-0.0094,-0.0088,0.1987,-0.1261,9.7558,0.00223,0.00532,0.00229,2.366034379440142
2025-12-24 16:53:42.472793,-90.0,28.103309151244847,-6356749.02834518,2.366199665097665,-0.09281982255961507,0.5470735648058342,-0.277,-0.0035,-0.0126,0.0664,-0.0274,9.8777,-0.00053,0.0027,-0.00379,2.366199665097665
2025-12-24 16:53:42.573573,-90.0,28.101941624423738,-6356749.02734518,2.3658483442186737,-0.0587210843439108,0.5791012572902046,-0.2885,-0.0058,-0.0022,-0.0849,-0.4271,10.0513,0.00501,-0.02414,-0.00104,2.3658483442186737
2025-12-24 16:53:42.690078,-90.0,28.10062823917469,-6356749.02784518,2.365927204768039,0.04401954958183289,0.6431002445150688,-0.2577,0.0027,0.014,0.4557,0.6203,10.0389,0.00201,-0.04267,0.0021,2.365927204768039
2025-12-24 16:53:42.772538,-90.0,28.10002334936728,-6356749.03384518,2.3659964902027526,0.08590282083457419,0.6806229142139303,-0.1674,0.0065,0.0019,0.4369,0.6587,9.4699,0.00431,-0.01862,-0.00335,2.3659964902027526
2025-12-24 16:53:42.872551,-90.0,28.099414410058593,-6356749.033045179,2.3658824193466397,0.0771126759944563,0.6987149747205597,-0.0914,0.0048,-0.0077,0.5196,0.2203,9.7986,-0.0007,-0.00981,0.00013,2.3658824193466397
2025-12-24 16:53:42.972980,-90.0,28.09898319394368,-6356749.035145179,2.36600835461197,0.10493398562170429,0.7416219130322167,0.0002,0.0085,-0.0028,1.0548,0.1765,10.0466,-0.00253,-0.00566,0.00216,2.36600835461197
2025-12-24 16:53:43.103958,-90.0,28.09898319394368,-6356749.035145179,2.36600835461197,0.10493398562170429,0.7416219130322167,0.0002,0.0085,-0.0028,0.0183,0.0924,10.024,-0.00143,0.00979,-0.00099,2.36600835461197
2025-12-24 16:53:43.172233,-90.0,28.09898319394368,-6356749.035145179,2.36600835461197,0.10493398562170429,0.7416219130322167,0.0002,0.0085,-0.0028,0.0017,-0.0455,9.7675,-0.00194,0.01468,0.00098,2.36600835461197
2025-12-24 16:53:43.271500,-90.0,28.09917497783526,-6356749.036745179,2.3661864085556488,-0.02001594921033137,0.6433990238268361,-0.0093,0.0071,-0.0011,-0.3196,-0.0993,9.8182,-0.00119,0.00263,-0.00074,2.3661864085556488
2025-12-24 16:53:43.372998,-90.0,28.09917497783526,-6356749.036745179,2.3661864085556488,-0.02001594921033137,0.6433990238268361,-0.0093,0.0071,-0.0011,0.3837,-0.1309,9.7476,-0.00074,0.00278,-0.00193,2.3661864085556488
2025-12-24 16:53:43.473673,-90.0,28.09917497783526,-6356749.036745179,2.3661864085556488,-0.02001594921033137,0.6433990238268361,-0.0093,0.0071,-0.0011,-0.5394,0.0081,9.9769,0.00061,-0.02573,0.00085,2.3661864085556488
2025-12-24 16:53:43.584728,-90.0,28.09917497783526,-6356749.036745179,2.3661864085556488,-0.02001594921033137,0.6433990238268361,-0.0093,0.0071,-0.0011,0.2964,-0.3004,9.5283,0.00299,0.00809,-0.00012,2.3661864085556488
2025-12-24 16:53:43.674238,-90.0,28.09906407820755,-6356749.037645179,2.366085511454335,-0.0251943456318972,0.6399346304114505,-0.0103,0.0084,-0.0015,0.0698,-0.2867,9.817,-0.00124,8e-05,0.00173,2.366085511454335
2025-12-24 16:53:43.773183,-90.0,28.09906407820755,-6356749.037645179,2.366085511454335,-0.0251943456318972,0.6399346304114505,-0.0103,0.0084,-0.0015,0.0768,0.2148,9.8049,0.00103,-0.00248,-0.00041,2.366085511454335
2025-12-24 16:53:43.972761,-90.0,28.098672348443667,-6356749.036545179,2.3658650346063905,-0.007457693012835555,0.6578528437120148,-0.0093,0.0065,-0.0027,0.1164,-0.1507,9.7642,0.00054,-0.00219,0.00086,2.3658650346063905
2025-12-24 16:53:44.073866,-90.0,28.098672348443667,-6356749.036545179,2.3658650346063905,-0.007457693012835555,0.6578528437120148,-0.0093,0.0065,-0.0027,-0.0161,-0.0554,9.823,0.00051,-0.00465,-0.00057,2.3658650346063905
2025-12-24 16:53:44.174313,-90.0,28.09860298756282,-6356749.035145179,2.365826315039245,-0.00652262761968231,0.6534120935008938,-0.0089,0.0123,-0.0023,0.0816,-0.0599,9.8067,-0.00074,0.00151,-4e-05,2.365826315039245
2025-12-24 16:53:44.276059,-90.0,28.09860298756282,-6356749.035145179,2.365826315039245,-0.00652262761968231,0.6534120935008938,-0.0089,0.0123,-0.0023,0.0816,-0.0786,9.8134,0.00055,0.00172,-2e-05,2.365826315039245
2025-12-24 16:53:44.372325,-90.0,28.09860298756282,-6356749.035145179,2.365826315039245,-0.00652262761968231,0.6534120935008938,-0.0089,0.0123,-0.0023,0.0161,-0.0912,9.7978,0.00031,-0.00241,-0.00082,2.365826315039245
2025-12-24 16:53:44.474810,-90.0,28.098613478165124,-6356749.035145179,2.365826797050118,-0.01144670026823753,0.6488007121012432,-0.0068,0.0029,-0.0033,0.1194,-0.097,9.8096,0.00031,-0.00011,-6e-05,2.365826797050118
2025-12-24 16:53:44.573819,-90.0,28.098613478165124,-6356749.035145179,2.365826797050118,-0.01144670026823753,0.6488007121012432,-0.0068,0.0029,-0.0033,0.105,-0.094,9.7453,-0.00017,0.00033,-0.00037,2.365826797050118
2025-12-24 16:53:44.673449,-90.0,28.098603900263594,-6356749.034345179,2.3657576428103946,-0.01070262096012399,0.6487421132834806,-0.0072,0.0013,-0.0036,0.0585,-0.0709,9.8202,-0.00019,0.00038,0.00034,2.3657576428103946
2025-12-24 16:53:44.773535,-90.0,28.098603900263594,-6356749.034345179,2.3657576428103946,-0.01070262096012399,0.6487421132834806,-0.0072,0.0013,-0.0036,0.0641,-0.0612,9.7928,-0.00033,-0.00098,-8e-05,2.3657576428103946
2025-12-24 16:53:44.873097,-90.0,28.098603900263594,-6356749.034345179,2.3657576428103946,-0.01070262096012399,0.6487421132834806,-0.0072,0.0013,-0.0036,0.0921,-0.0895,9.7976,0.00049,-0.00034,0.00027,2.3657576428103946
2025-12-24 16:53:44.972545,-90.0,28.095472141223922,-6356748.996345179,2.3664309678812616,0.020200027185550196,0.6339181764980835,-0.0079,-0.0007,-0.0044,0.0539,-0.0905,9.7988,-5e-05,0.00135,0.00025,2.3664309678812616
2025-12-24 16:53:45.074329,-90.0,28.095472141223922,-6356748.996345179,2.3664309678812616,0.020200027185550196,0.6339181764980835,-0.0079,-0.0007,-0.0044,0.0705,-0.077,9.8153,-0.00025,-0.00018,-0.00035,2.3664309678812616
2025-12-24 16:53:45.173235,-90.0,28.09548502385449,-6356748.99554518,2.3658191241855717,0.029211112398418757,0.6380562805964559,-0.0022,-0.0024,0.0,0.0712,-0.088,9.8172,-0.00025,0.00114,0.00014,2.3658191241855717
2025-12-24 16:53:45.273740,-90.0,28.09548502385449,-6356748.99554518,2.3658191241855717,0.029211112398418757,0.6380562805964559,-0.0022,-0.0024,0.0,0.0372,-0.081,9.8148,-0.00019,0.00022,0.00022,2.3658191241855717
2025-12-24 16:53:45.371913,-90.0,28.09548502385449,-6356748.99554518,2.3658191241855717,0.029211112398418757,0.6380562805964559,-0.0022,-0.0024,0.0,0.0904,-0.0743,9.804,-0.00096,0.00061,-0.00031,2.3658191241855717
2025-12-24 16:53:45.473084,-90.0,28.095469512588576,-6356748.986545179,2.3658749482947012,0.027822656637777464,0.6411948391807775,-0.0027,-0.0024,0.0003,0.092,-0.1012,9.8165,0.00039,-9e-05,-0.00022,2.3658749482947012
2025-12-24 16:53:45.579969,-90.0,28.095469512588576,-6356748.986545179,2.3658749482947012,0.027822656637777464,0.6411948391807775,-0.0027,-0.0024,0.0003,0.0451,-0.0805,9.8035,0.0005,0.00023,2e-05,2.3658749482947012
2025-12-24 16:53:45.673614,-90.0,28.095469512588576,-6356748.986545179,2.3658749482947012,0.027822656637777464,0.6411948391807775,-0.0027,-0.0024,0.0003,0.0859,-0.0784,9.8103,0.00064,0.00046,-0.00012,2.3658749482947012
2025-12-24 16:53:45.786951,-90.0,28.095491061784422,-6356748.985245179,2.3660417126884585,0.02007661027452121,0.6427107646520758,-0.0012,-0.0019,-0.0006,0.1045,-0.071,9.809,-0.00011,0.00079,-0.00024,2.3660417126884585
2025-12-24 16:53:45.878497,-90.0,28.095491061784422,-6356748.985245179,2.3660417126884585,0.02007661027452121,0.6427107646520758,-0.0012,-0.0019,-0.0006,0.0437,-0.0936,9.8041,0.00012,-0.00088,-0.00069,2.3660417126884585
2025-12-24 16:53:45.978152,-90.0,28.095479697265123,-6356748.98454518,2.366121705535813,0.01863653551098377,0.6423589620756517,-0.0036,-0.0026,-0.0004,0.0666,-0.0812,9.8145,-0.00022,0.00046,0.00013,2.366121705535813
2025-12-24 16:53:46.080492,-90.0,28.095479697265123,-6356748.98454518,2.366121705535813,0.01863653551098377,0.6423589620756517,-0.0036,-0.0026,-0.0004,0.0679,-0.0702,9.8041,0.0001,-0.00018,0.00034,2.366121705535813
2025-12-24 16:53:46.182063,-90.0,28.095479697265123,-6356748.98454518,2.366121705535813,0.01863653551098377,0.6423589620756517,-0.0036,-0.0026,-0.0004,0.0688,-0.0989,9.8131,-0.00023,-0.00039,-0.00031,2.366121705535813
2025-12-24 16:53:46.272830,-90.0,28.095489274691737,-6356748.984145179,2.3662115608226144,0.015379346546937006,0.6376735982424591,-0.0024,-0.0023,-0.0003,0.0555,-0.0791,9.8078,4e-05,-0.00061,-0.00017,2.3662115608226144
2025-12-24 16:53:46.377180,-90.0,28.095489274691737,-6356748.984145179,2.3662115608226144,0.015379346546937006,0.6376735982424591,-0.0024,-0.0023,-0.0003,0.0635,-0.083,9.8126,0.00028,-0.00083,-9e-05,2.3662115608226144
2025-12-24 16:53:46.471984,-90.0,28.095489274691737,-6356748.984145179,2.3662115608226144,0.015379346546937006,0.6376735982424591,-0.0024,-0.0023,-0.0003,0.0893,-0.0894,9.8069,-0.00048,0.00053,0.00051,2.3662115608226144
2025-12-24 16:53:46.571682,-90.0,28.095489578323875,-6356748.983745179,2.366316469695581,0.017283533589782362,0.6379420790975611,-0.0013,-0.0019,-0.0007,0.0791,-0.0868,9.8097,7e-05,0.00057,-4e-05,2.366316469695581
2025-12-24 16:53:46.671686,-90.0,28.095489578323875,-6356748.983745179,2.366316469695581,0.017283533589782362,0.6379420790975611,-0.0013,-0.0019,-0.0007,0.0667,-0.0872,9.807,0.00046,-0.00027,2e-05,2.366316469695581
2025-12-24 16:53:46.773131,-90.0,28.095489881956127,-6356748.983045179,2.366382015539261,0.015563637290882695,0.6373541691272738,-0.002,-0.002,-0.0008,0.0745,-0.0769,9.8065,-0.00029,0.00035,-0.00017,2.366382015539261
2025-12-24 16:53:46.872426,-90.0,28.095489881956127,-6356748.983045179,2.366382015539261,0.015563637290882695,0.6373541691272738,-0.002,-0.002,-0.0008,0.0781,-0.0987,9.8022,-0.00059,0.00045,-0.00021,2.366382015539261
2025-12-24 16:53:46.975069,-90.0,28.095489881956127,-6356748.983045179,2.366382015539261,0.015563637290882695,0.6373541691272738,-0.002,-0.002,-0.0008,0.0667,-0.0815,9.8055,0.00022,-0.0002,0.00025,2.366382015539261
2025-12-24 16:53:47.072115,-90.0,28.09550903683533,-6356748.98234518,2.36639463163265,0.01563482139323289,0.6368866672638213,-0.0021,-0.0019,-0.0003,0.0583,-0.0851,9.8128,0.00023,0.00093,-9e-05,2.36639463163265
2025-12-24 16:53:47.172960,-90.0,28.09550903683533,-6356748.98234518,2.36639463163265,0.01563482139323289,0.6368866672638213,-0.0021,-0.0019,-0.0003,0.0784,-0.086,9.8189,-0.00022,0.00077,0.00062,2.36639463163265
2025-12-24 16:53:47.270826,-90.0,28.09550903683533,-6356748.98234518,2.36639463163265,0.01563482139323289,0.6368866672638213,-0.0021,-0.0019,-0.0003,0.075,-0.0537,9.7794,7e-05,0.00308,0.00061,2.36639463163265
2025-12-24 16:53:47.374152,-90.0,28.09552249209312,-6356748.982145179,2.3663731701431976,0.014757330422932936,0.6396256349791972,-0.0019,-0.0024,-0.0006,0.0275,-0.0497,9.8504,0.00101,-0.00334,0.00047,2.3663731701431976
2025-12-24 16:53:47.473084,-90.0,28.09552249209312,-6356748.982145179,2.3663731701431976,0.014757330422932936,0.6396256349791972,-0.0019,-0.0024,-0.0006,0.0736,-0.0795,9.7819,0.00043,-6e-05,0.00014,2.3663731701431976
2025-12-24 16:53:47.572585,-90.0,28.095549133743965,-6356748.980845179,2.36645496608956,0.013744074386591117,0.6421715130060103,-0.0019,-0.0019,-0.0002,0.0912,-0.0732,9.7514,-0.00065,0.00265,-0.00062,2.36645496608956
2025-12-24 16:53:47.699429,-90.0,28.095549133743965,-6356748.980845179,2.36645496608956,0.013744074386591117,0.6421715130060103,-0.0019,-0.0019,-0.0002,0.0005,-0.1297,9.7614,-0.00013,7e-05,-0.00019,2.36645496608956
2025-12-24 16:53:47.790675,-90.0,28.095549133743965,-6356748.980845179,2.36645496608956,0.013744074386591117,0.6421715130060103,-0.0019,-0.0019,-0.0002,0.1207,-0.1112,9.7888,-0.0012,0.00314,-0.00128,2.36645496608956
2025-12-24 16:53:47.871480,-90.0,28.095550044678134,-6356748.980545179,2.3665374307026803,0.013655785224524021,0.6433614905587475,-0.0016,-0.0008,0.0004,0.074,-0.0858,9.7817,0.00065,0.00127,-0.00071,2.3665374307026803
2025-12-24 16:53:47.973806,-90.0,28.095550044678134,-6356748.980545179,2.3665374307026803,0.013655785224524021,0.6433614905587475,-0.0016,-0.0008,0.0004,0.0401,-0.0877,9.8342,0.00054,-0.0016,-2e-05,2.3665374307026803
2025-12-24 16:53:48.071398,-90.0,28.095550044678134,-6356748.980545179,2.3665374307026803,0.013655785224524021,0.6433614905587475,-0.0016,-0.0008,0.0004,0.0939,-0.0749,9.7984,0.00063,0.00043,-7e-05,2.3665374307026803
2025-12-24 16:53:48.173712,-90.0,28.09553807284146,-6356748.98064518,2.3663949510546023,0.012198148796857553,0.6443951698288445,-0.0024,-0.0032,0.0002,0.0627,-0.0813,9.8152,-0.00011,-0.00234,-0.00017,2.3663949510546023
2025-12-24 16:53:48.271974,-90.0,28.09553807284146,-6356748.98064518,2.3663949510546023,0.012198148796857553,0.6443951698288445,-0.0024,-0.0032,0.0002,0.0589,-0.0665,9.815,-0.00017,-0.00045,-0.00058,2.3663949510546023
2025-12-24 16:53:48.382114,-90.0,28.095523134121557,-6356748.97954518,2.3664210225364117,0.011598572841022057,0.6370918404269926,-0.0027,-0.001,-0.0002,0.0614,-0.0968,9.8103,-0.00063,0.00063,0.00012,2.3664210225364117
2025-12-24 16:53:48.472184,-90.0,28.095523134121557,-6356748.97954518,2.3664210225364117,0.011598572841022057,0.6370918404269926,-0.0027,-0.001,-0.0002,0.0718,-0.0757,9.8102,0.00044,-0.00019,-0.00022,2.3664210225364117
2025-12-24 16:53:48.601930,-90.0,28.095523134121557,-6356748.97954518,2.3664210225364117,0.011598572841022057,0.6370918404269926,-0.0027,-0.001,-0.0002,0.0642,-0.0845,9.8083,2e-05,-8e-05,-0.00039,2.3664210225364117
2025-12-24 16:53:48.671589,-90.0,28.09553240795004,-6356748.979245179,2.366414911787845,0.009570125064566507,0.6347792238980628,-0.0027,-0.0025,-0.0002,0.0633,-0.0981,9.7904,0.00077,-0.00104,-8e-05,2.366414911787845
2025-12-24 16:53:48.772243,-90.0,28.09553240795004,-6356748.979245179,2.366414911787845,0.009570125064566507,0.6347792238980628,-0.0027,-0.0025,-0.0002,0.1232,-0.0656,9.8265,-0.00093,-0.00162,1e-05,2.366414911787845
2025-12-24 16:53:48.891048,-90.0,28.09553240795004,-6356748.979245179,2.366414911787845,0.009570125064566507,0.6347792238980628,-0.0027,-0.0025,-0.0002,-0.0229,0.0101,9.8253,-0.00094,-0.00436,-0.0003,2.366414911787845
2025-12-24 16:53:48.972449,-90.0,28.09554137813732,-6356748.979345179,2.3664060155899316,0.00940957477904432,0.6300117924492231,-0.002,-0.0012,-0.0003,0.0351,-0.0348,9.8408,0.00197,0.00323,0.00052,2.3664060155899316
2025-12-24 16:53:49.073740,-90.0,28.09554137813732,-6356748.979345179,2.3664060155899316,0.00940957477904432,0.6300117924492231,-0.002,-0.0012,-0.0003,0.1132,-0.1181,9.7875,0.00111,0.00363,-0.00036,2.3664060155899316
2025-12-24 16:53:49.175783,-90.0,28.09555365362917,-6356748.97904518,2.3664196142205207,0.007127483076919817,0.628335431697316,-0.0009,-0.0034,-0.0015,0.1026,-0.1625,9.8023,0.00033,0.0003,-2e-05,2.3664196142205207
2025-12-24 16:53:49.274547,-90.0,28.09555365362917,-6356748.97904518,2.3664196142205207,0.007127483076919817,0.628335431697316,-0.0009,-0.0034,-0.0015,0.0504,-0.1001,9.81,-0.00017,-0.00166,-0.0002,2.3664196142205207
2025-12-24 16:53:49.372688,-90.0,28.09555365362917,-6356748.97904518,2.3664196142205207,0.007127483076919817,0.628335431697316,-0.0009,-0.0034,-0.0015,0.0486,-0.0742,9.8252,-0.0002,-0.00096,0.00012,2.3664196142205207
2025-12-24 16:53:49.514835,-90.0,28.095531835430737,-6356748.978845179,2.3664027719576533,0.004660614587185202,0.6243599318160198,-0.0014,-0.0018,0.0003,0.0866,-0.0749,9.8125,-0.00032,-0.00048,-0.00037,2.3664027719576533
2025-12-24 16:53:49.574274,-90.0,28.095531835430737,-6356748.978845179,2.3664027719576533,0.004660614587185202,0.6243599318160198,-0.0014,-0.0018,0.0003,0.0731,-0.081,9.8036,0.00038,0.00098,4e-05,2.3664027719576533
2025-12-24 16:53:49.671779,-90.0,28.095531835430737,-6356748.978845179,2.3664027719576533,0.004660614587185202,0.6243599318160198,-0.0014,-0.0018,0.0003,0.0715,-0.0743,9.8138,-0.00026,-0.00015,-3e-05,2.3664027719576533
2025-12-24 16:53:49.783251,-90.0,28.095522561592013,-6356748.978645179,2.366396115971814,0.008261309913877636,0.6264494628978938,-0.0019,-0.0011,0.0002,0.0712,-0.104,9.8033,-3e-05,0.00019,-9e-05,2.366396115971814
2025-12-24 16:53:49.872982,-90.0,28.095522561592013,-6356748.978645179,2.366396115971814,0.008261309913877636,0.6264494628978938,-0.0019,-0.0011,0.0002,0.0626,-0.0716,9.8108,-0.00037,0.00144,6e-05,2.366396115971814
2025-12-24 16:53:50.074373,-90.0,28.095546808949486,-6356748.9780451795,2.366391822921086,0.0065060394507483,0.6277139048240441,-0.0024,-0.0011,-0.0001,0.076,-0.0856,9.8068,0.00031,0.00037,-0.0003,2.366391822921086
2025-12-24 16:53:50.192768,-90.0,28.095546808949486,-6356748.9780451795,2.366391822921086,0.0065060394507483,0.6277139048240441,-0.0024,-0.0011,-0.0001,0.0687,-0.0756,9.8145,0.0,-0.00057,-0.0002,2.366391822921086
2025-12-24 16:53:50.288163,-90.0,28.095570145404842,-6356748.977845179,2.3663873724081723,0.006431155353095786,0.6260749954073052,-0.0022,-0.0016,-0.0001,0.0691,-0.0872,9.8093,-3e-05,-0.00018,0.00018,2.3663873724081723
2025-12-24 16:53:50.381027,-90.0,28.095570145404842,-6356748.977845179,2.3663873724081723,0.006431155353095786,0.6260749954073052,-0.0022,-0.0016,-0.0001,0.0777,-0.0785,9.8199,0.00019,0.00037,0.0002,2.3663873724081723
2025-12-24 16:53:50.472651,-90.0,28.095570145404842,-6356748.977845179,2.3663873724081723,0.006431155353095786,0.6260749954073052,-0.0022,-0.0016,-0.0001,0.0532,-0.0938,9.8062,2e-05,-0.00049,-0.00035,2.3663873724081723
2025-12-24 16:53:50.572062,-90.0,28.095581509987248,-6356748.977645179,2.366388977164787,0.008992970664827925,0.6279872621047314,-0.0019,-0.002,-0.0001,0.0725,-0.0817,9.8125,7e-05,0.00026,-0.00044,2.366388977164787
2025-12-24 16:53:50.671686,-90.0,28.095581509987248,-6356748.977645179,2.366388977164787,0.008992970664827925,0.6279872621047314,-0.0019,-0.002,-0.0001,0.0781,-0.0633,9.8011,-4e-05,0.00034,-0.00022,2.366388977164787
2025-12-24 16:53:50.774274,-90.0,28.095581509987248,-6356748.977645179,2.366388977164787,0.008992970664827925,0.6279872621047314,-0.0019,-0.002,-0.0001,0.0662,-0.0858,9.8099,0.00048,-0.00064,0.00012,2.366388977164787
2025-12-24 16:53:50.885260,-90.0,28.095562658629223,-6356748.9769451795,2.366384458344257,0.009562895350974349,0.6314386980591831,-0.0029,-0.0024,0.0002,0.0572,-0.1038,9.8053,0.00064,0.00033,0.00026,2.366384458344257
2025-12-24 16:53:50.972550,-90.0,28.095562658629223,-6356748.9769451795,2.366384458344257,0.009562895350974349,0.6314386980591831,-0.0029,-0.0024,0.0002,0.0685,-0.0664,9.8074,0.00021,0.00063,-0.00039,2.366384458344257
2025-12-24 16:53:51.075349,-90.0,28.095549203323305,-6356748.976645179,2.366385652578513,0.0050382740422500166,0.6273629219882116,-0.0014,-0.0015,-0.0002,0.0769,-0.0972,9.8049,0.00031,-0.00086,-9e-05,2.366385652578513
2025-12-24 16:53:51.172751,-90.0,28.095549203323305,-6356748.976645179,2.366385652578513,0.0050382740422500166,0.6273629219882116,-0.0014,-0.0015,-0.0002,0.0586,-0.0737,9.81,0.00018,-0.00038,-0.00017,2.366385652578513
2025-12-24 16:53:51.272894,-90.0,28.095549203323305,-6356748.976645179,2.366385652578513,0.0050382740422500166,0.6273629219882116,-0.0014,-0.0015,-0.0002,0.0714,-0.0865,9.8037,-0.00026,0.00014,-0.00013,2.366385652578513
2025-12-24 16:53:51.377607,-90.0,28.09553992947382,-6356748.976645179,2.366359493712645,0.006725626387880089,0.6253322858033858,-0.0022,-0.0018,-0.0004,0.0761,-0.0941,9.8149,-0.00013,0.00078,-0.00019,2.366359493712645
2025-12-24 16:53:51.472044,-90.0,28.09553992947382,-6356748.976645179,2.366359493712645,0.006725626387880089,0.6253322858033858,-0.0022,-0.0018,-0.0004,0.0395,-0.0555,9.8031,0.00073,-0.00037,-0.00042,2.366359493712645
2025-12-24 16:53:51.589804,-90.0,28.09553992947382,-6356748.976645179,2.366359493712645,0.006725626387880089,0.6253322858033858,-0.0022,-0.0018,-0.0004,0.0862,-0.0896,9.8133,-0.00066,-0.00053,-0.0006,2.366359493712645
2025-12-24 16:53:51.803192,-90.0,28.095511804300237,-6356748.97634518,2.3663961011169676,0.008447683839742929,0.6241738960315888,-0.0011,-0.003,-0.0004,0.0565,-0.0855,9.8031,0.00072,-0.00076,-0.00032,2.3663961011169676
2025-12-24 16:53:51.872702,-90.0,28.095498348995097,-6356748.976145179,2.366381197866671,0.005024231368959666,0.6231496411621744,-0.0022,-0.0002,-0.0005,0.0677,-0.0979,9.8165,0.00012,0.00097,-1e-05,2.366381197866671
2025-12-24 16:53:51.974458,-90.0,28.095498348995097,-6356748.976145179,2.366381197866671,0.005024231368959666,0.6231496411621744,-0.0022,-0.0002,-0.0005,0.0605,-0.0663,9.8021,1e-05,0.00038,0.00012,2.366381197866671
2025-12-24 16:53:52.071942,-90.0,28.095498348995097,-6356748.976145179,2.366381197866671,0.005024231368959666,0.6231496411621744,-0.0022,-0.0002,-0.0005,0.0735,-0.0849,9.8105,-0.00027,0.00057,-0.00037,2.366381197866671
2025-12-24 16:53:52.171855,-90.0,28.095502530461147,-6356748.976145179,2.366407480390512,0.0020554675855148645,0.6198301238945527,-0.0021,-0.0022,-0.0005,0.0662,-0.0909,9.8072,0.0,-0.00073,-8e-05,2.366407480390512
2025-12-24 16:53:52.273775,-90.0,28.095502530461147,-6356748.976145179,2.366407480390512,0.0020554675855148645,0.6198301238945527,-0.0021,-0.0022,-0.0005,0.0622,-0.0792,9.8079,-0.00011,-0.00044,0.00026,2.366407480390512
2025-12-24 16:53:52.372246,-90.0,28.095502530461147,-6356748.976145179,2.366407480390512,0.0020554675855148645,0.6198301238945527,-0.0021,-0.0022,-0.0005,0.07,-0.0863,9.8026,0.00025,-0.00171,-5e-05,2.366407480390512
